,anger,fear,joy,sadness
2729,1,0,0,0
3359,0,0,0,1
2614,1,0,0,0
2209,1,0,0,0
520,0,0,1,0
79,0,0,1,0
1883,0,1,0,0
1799,0,1,0,0
949,0,1,0,0
2251,1,0,0,0
1380,0,1,0,0
2623,1,0,0,0
2913,0,0,0,1
391,0,0,1,0
465,0,0,1,0
2828,0,0,0,1
1709,0,1,0,0
706,0,0,1,0
1643,0,1,0,0
1689,0,1,0,0
3300,0,0,0,1
3215,0,0,0,1
472,0,0,1,0
2549,1,0,0,0
669,0,0,1,0
3525,0,0,0,1
852,0,1,0,0
1319,0,1,0,0
129,0,0,1,0
2790,1,0,0,0
3590,0,0,0,1
586,0,0,1,0
323,0,0,1,0
3353,0,0,0,1
141,0,0,1,0
3333,0,0,0,1
3485,0,0,0,1
2769,1,0,0,0
2804,1,0,0,0
613,0,0,1,0
2648,1,0,0,0
3430,0,0,0,1
1334,0,1,0,0
1861,0,1,0,0
898,0,1,0,0
1211,0,1,0,0
737,0,0,1,0
256,0,0,1,0
1213,0,1,0,0
541,0,0,1,0
3068,0,0,0,1
2965,0,0,0,1
2444,1,0,0,0
93,0,0,1,0
1975,1,0,0,0
96,0,0,1,0
1462,0,1,0,0
1720,0,1,0,0
2496,1,0,0,0
2495,1,0,0,0
139,0,0,1,0
3612,0,0,0,1
3459,0,0,0,1
970,0,1,0,0
3372,0,0,0,1
3001,0,0,0,1
710,0,0,1,0
868,0,1,0,0
1250,0,1,0,0
1025,0,1,0,0
2471,1,0,0,0
1239,0,1,0,0
2479,1,0,0,0
247,0,0,1,0
196,0,0,1,0
1351,0,1,0,0
1653,0,1,0,0
2677,1,0,0,0
1530,0,1,0,0
385,0,0,1,0
900,0,1,0,0
2265,1,0,0,0
1930,0,1,0,0
2619,1,0,0,0
561,0,0,1,0
1157,0,1,0,0
3124,0,0,0,1
2238,1,0,0,0
862,0,1,0,0
3153,0,0,0,1
3556,0,0,0,1
2928,0,0,0,1
1932,0,1,0,0
1773,0,1,0,0
1181,0,1,0,0
2616,1,0,0,0
2297,1,0,0,0
1813,0,1,0,0
1236,0,1,0,0
723,0,0,1,0
3344,0,0,0,1
877,0,1,0,0
2907,0,0,0,1
2958,0,0,0,1
1674,0,1,0,0
2643,1,0,0,0
3143,0,0,0,1
2750,1,0,0,0
1625,0,1,0,0
3328,0,0,0,1
2909,0,0,0,1
2284,1,0,0,0
3378,0,0,0,1
3024,0,0,0,1
2336,1,0,0,0
2071,1,0,0,0
1155,0,1,0,0
1176,0,1,0,0
2255,1,0,0,0
1308,0,1,0,0
2008,1,0,0,0
2535,1,0,0,0
3058,0,0,0,1
1852,0,1,0,0
577,0,0,1,0
1444,0,1,0,0
1576,0,1,0,0
339,0,0,1,0
1805,0,1,0,0
1526,0,1,0,0
1001,0,1,0,0
2722,1,0,0,0
2603,1,0,0,0
3366,0,0,0,1
2101,1,0,0,0
960,0,1,0,0
1458,0,1,0,0
3056,0,0,0,1
655,0,0,1,0
2868,0,0,0,1
1857,0,1,0,0
1549,0,1,0,0
1233,0,1,0,0
1228,0,1,0,0
2527,1,0,0,0
2,0,0,1,0
2763,1,0,0,0
2258,1,0,0,0
3309,0,0,0,1
857,0,1,0,0
2741,1,0,0,0
2727,1,0,0,0
445,0,0,1,0
589,0,0,1,0
3015,0,0,0,1
3470,0,0,0,1
861,0,1,0,0
2964,0,0,0,1
253,0,0,1,0
1345,0,1,0,0
132,0,0,1,0
1016,0,1,0,0
1004,0,1,0,0
2115,1,0,0,0
364,0,0,1,0
1578,0,1,0,0
2796,1,0,0,0
414,0,0,1,0
2469,1,0,0,0
1124,0,1,0,0
1787,0,1,0,0
2053,1,0,0,0
2018,1,0,0,0
3179,0,0,0,1
3177,0,0,0,1
3323,0,0,0,1
233,0,0,1,0
825,0,1,0,0
1055,0,1,0,0
137,0,0,1,0
476,0,0,1,0
2138,1,0,0,0
1235,0,1,0,0
3293,0,0,0,1
3208,0,0,0,1
1455,0,1,0,0
3200,0,0,0,1
2175,1,0,0,0
432,0,0,1,0
3139,0,0,0,1
3307,0,0,0,1
555,0,0,1,0
1182,0,1,0,0
1007,0,1,0,0
2980,0,0,0,1
2412,1,0,0,0
2816,1,0,0,0
1321,0,1,0,0
3202,0,0,0,1
1454,0,1,0,0
2587,1,0,0,0
419,0,0,1,0
1496,0,1,0,0
3539,0,0,0,1
3004,0,0,0,1
2300,1,0,0,0
683,0,0,1,0
184,0,0,1,0
2340,1,0,0,0
3434,0,0,0,1
397,0,0,1,0
718,0,0,1,0
3304,0,0,0,1
212,0,0,1,0
2658,1,0,0,0
1438,0,1,0,0
3062,0,0,0,1
205,0,0,1,0
2123,1,0,0,0
1260,0,1,0,0
1282,0,1,0,0
1220,0,1,0,0
2532,1,0,0,0
1870,0,1,0,0
1315,0,1,0,0
886,0,1,0,0
1500,0,1,0,0
1386,0,1,0,0
887,0,1,0,0
1493,0,1,0,0
2719,1,0,0,0
267,0,0,1,0
389,0,0,1,0
1075,0,1,0,0
2554,1,0,0,0
3469,0,0,0,1
873,0,1,0,0
2543,1,0,0,0
1232,0,1,0,0
567,0,0,1,0
305,0,0,1,0
651,0,0,1,0
2106,1,0,0,0
2655,1,0,0,0
1669,0,1,0,0
179,0,0,1,0
2551,1,0,0,0
612,0,0,1,0
175,0,0,1,0
1244,0,1,0,0
25,0,0,1,0
1623,0,1,0,0
3455,0,0,0,1
837,0,1,0,0
1905,0,1,0,0
3456,0,0,0,1
3129,0,0,0,1
3088,0,0,0,1
165,0,0,1,0
2969,0,0,0,1
1419,0,1,0,0
566,0,0,1,0
1285,0,1,0,0
1804,0,1,0,0
1273,0,1,0,0
2699,1,0,0,0
1717,0,1,0,0
2129,1,0,0,0
615,0,0,1,0
1637,0,1,0,0
2505,1,0,0,0
2674,1,0,0,0
2888,0,0,0,1
213,0,0,1,0
2019,1,0,0,0
2647,1,0,0,0
2593,1,0,0,0
3039,0,0,0,1
1424,0,1,0,0
1272,0,1,0,0
3303,0,0,0,1
63,0,0,1,0
1118,0,1,0,0
395,0,0,1,0
3407,0,0,0,1
3223,0,0,0,1
158,0,0,1,0
310,0,0,1,0
2693,1,0,0,0
2739,1,0,0,0
1941,0,1,0,0
1258,0,1,0,0
2866,0,0,0,1
2989,0,0,0,1
2638,1,0,0,0
530,0,0,1,0
758,0,0,1,0
2091,1,0,0,0
1505,0,1,0,0
1692,0,1,0,0
3079,0,0,0,1
584,0,0,1,0
2843,0,0,0,1
2960,0,0,0,1
1020,0,1,0,0
1164,0,1,0,0
2114,1,0,0,0
2005,1,0,0,0
1063,0,1,0,0
159,0,0,1,0
2431,1,0,0,0
791,0,0,1,0
487,0,0,1,0
1269,0,1,0,0
1676,0,1,0,0
1801,0,1,0,0
3086,0,0,0,1
222,0,0,1,0
1375,0,1,0,0
824,0,1,0,0
418,0,0,1,0
1968,0,1,0,0
353,0,0,1,0
2560,1,0,0,0
3392,0,0,0,1
3444,0,0,0,1
2742,1,0,0,0
972,0,1,0,0
174,0,0,1,0
1396,0,1,0,0
2926,0,0,0,1
2540,1,0,0,0
2738,1,0,0,0
3232,0,0,0,1
2468,1,0,0,0
1502,0,1,0,0
3570,0,0,0,1
3288,0,0,0,1
2426,1,0,0,0
2642,1,0,0,0
3475,0,0,0,1
986,0,1,0,0
751,0,0,1,0
1810,0,1,0,0
2670,1,0,0,0
2137,1,0,0,0
2034,1,0,0,0
1121,0,1,0,0
1107,0,1,0,0
269,0,0,1,0
2662,1,0,0,0
775,0,0,1,0
2922,0,0,0,1
2573,1,0,0,0
508,0,0,1,0
2204,1,0,0,0
1800,0,1,0,0
365,0,0,1,0
2189,1,0,0,0
2950,0,0,0,1
1477,0,1,0,0
3204,0,0,0,1
906,0,1,0,0
328,0,0,1,0
1863,0,1,0,0
1955,0,1,0,0
1171,0,1,0,0
443,0,0,1,0
1150,0,1,0,0
1127,0,1,0,0
2478,1,0,0,0
3151,0,0,0,1
2990,0,0,0,1
2295,1,0,0,0
582,0,0,1,0
3467,0,0,0,1
1012,0,1,0,0
2432,1,0,0,0
2226,1,0,0,0
745,0,0,1,0
2151,1,0,0,0
2472,1,0,0,0
452,0,0,1,0
1189,0,1,0,0
975,0,1,0,0
865,0,1,0,0
1044,0,1,0,0
1420,0,1,0,0
3466,0,0,0,1
2316,1,0,0,0
1645,0,1,0,0
2956,0,0,0,1
24,0,0,1,0
716,0,0,1,0
1388,0,1,0,0
2172,1,0,0,0
435,0,0,1,0
1341,0,1,0,0
1423,0,1,0,0
1822,0,1,0,0
1072,0,1,0,0
2378,1,0,0,0
1539,0,1,0,0
1949,0,1,0,0
1465,0,1,0,0
194,0,0,1,0
547,0,0,1,0
1572,0,1,0,0
1826,0,1,0,0
3393,0,0,0,1
412,0,0,1,0
3349,0,0,0,1
1738,0,1,0,0
1844,0,1,0,0
1230,0,1,0,0
1358,0,1,0,0
181,0,0,1,0
2419,1,0,0,0
2142,1,0,0,0
3419,0,0,0,1
3598,0,0,0,1
1384,0,1,0,0
562,0,0,1,0
3148,0,0,0,1
769,0,0,1,0
1898,0,1,0,0
786,0,0,1,0
1746,0,1,0,0
2262,1,0,0,0
3146,0,0,0,1
836,0,1,0,0
2759,1,0,0,0
3221,0,0,0,1
1173,0,1,0,0
513,0,0,1,0
2706,1,0,0,0
1725,0,1,0,0
2248,1,0,0,0
3600,0,0,0,1
792,0,0,1,0
3524,0,0,0,1
2063,1,0,0,0
2400,1,0,0,0
3498,0,0,0,1
1125,0,1,0,0
2173,1,0,0,0
1567,0,1,0,0
2749,1,0,0,0
1483,0,1,0,0
3330,0,0,0,1
105,0,0,1,0
1818,0,1,0,0
1912,0,1,0,0
554,0,0,1,0
754,0,0,1,0
2865,0,0,0,1
880,0,1,0,0
1887,0,1,0,0
3403,0,0,0,1
28,0,0,1,0
1758,0,1,0,0
2853,0,0,0,1
3596,0,0,0,1
2013,1,0,0,0
462,0,0,1,0
77,0,0,1,0
2200,1,0,0,0
2710,1,0,0,0
1135,0,1,0,0
312,0,0,1,0
140,0,0,1,0
2036,1,0,0,0
712,0,0,1,0
834,0,1,0,0
2814,1,0,0,0
1558,0,1,0,0
301,0,0,1,0
1226,0,1,0,0
866,0,1,0,0
3154,0,0,0,1
770,0,0,1,0
1971,1,0,0,0
366,0,0,1,0
2840,0,0,0,1
2027,1,0,0,0
1461,0,1,0,0
670,0,0,1,0
2041,1,0,0,0
3535,0,0,0,1
1318,0,1,0,0
1346,0,1,0,0
119,0,0,1,0
143,0,0,1,0
993,0,1,0,0
529,0,0,1,0
345,0,0,1,0
2542,1,0,0,0
3184,0,0,0,1
1225,0,1,0,0
404,0,0,1,0
3468,0,0,0,1
2688,1,0,0,0
1921,0,1,0,0
3318,0,0,0,1
2159,1,0,0,0
1348,0,1,0,0
518,0,0,1,0
2492,1,0,0,0
203,0,0,1,0
799,0,0,1,0
2789,1,0,0,0
3031,0,0,0,1
3070,0,0,0,1
1217,0,1,0,0
1988,1,0,0,0
1371,0,1,0,0
3189,0,0,0,1
1702,0,1,0,0
1693,0,1,0,0
675,0,0,1,0
725,0,0,1,0
14,0,0,1,0
1252,0,1,0,0
3516,0,0,0,1
3050,0,0,0,1
1015,0,1,0,0
3178,0,0,0,1
1060,0,1,0,0
2487,1,0,0,0
3481,0,0,0,1
3194,0,0,0,1
831,0,1,0,0
495,0,0,1,0
2978,0,0,0,1
2526,1,0,0,0
3259,0,0,0,1
1990,1,0,0,0
1360,0,1,0,0
1412,0,1,0,0
1875,0,1,0,0
2032,1,0,0,0
3573,0,0,0,1
1108,0,1,0,0
3443,0,0,0,1
1665,0,1,0,0
27,0,0,1,0
2898,0,0,0,1
3316,0,0,0,1
629,0,0,1,0
2757,1,0,0,0
434,0,0,1,0
2652,1,0,0,0
2919,0,0,0,1
2351,1,0,0,0
3032,0,0,0,1
907,0,1,0,0
1741,0,1,0,0
2187,1,0,0,0
1416,0,1,0,0
393,0,0,1,0
2280,1,0,0,0
3120,0,0,0,1
1781,0,1,0,0
2510,1,0,0,0
895,0,1,0,0
2591,1,0,0,0
1289,0,1,0,0
1815,0,1,0,0
1254,0,1,0,0
1073,0,1,0,0
1451,0,1,0,0
2940,0,0,0,1
144,0,0,1,0
2044,1,0,0,0
2691,1,0,0,0
2716,1,0,0,0
1087,0,1,0,0
2686,1,0,0,0
2672,1,0,0,0
3569,0,0,0,1
45,0,0,1,0
992,0,1,0,0
2429,1,0,0,0
3450,0,0,0,1
3122,0,0,0,1
3190,0,0,0,1
3317,0,0,0,1
889,0,1,0,0
3276,0,0,0,1
2562,1,0,0,0
645,0,0,1,0
214,0,0,1,0
760,0,0,1,0
1126,0,1,0,0
2824,1,0,0,0
2860,0,0,0,1
1027,0,1,0,0
1561,0,1,0,0
2700,1,0,0,0
3377,0,0,0,1
2213,1,0,0,0
1138,0,1,0,0
98,0,0,1,0
1408,0,1,0,0
422,0,0,1,0
1874,0,1,0,0
532,0,0,1,0
3375,0,0,0,1
1548,0,1,0,0
1771,0,1,0,0
3306,0,0,0,1
2767,1,0,0,0
3266,0,0,0,1
814,0,0,1,0
1718,0,1,0,0
3074,0,0,0,1
2659,1,0,0,0
3111,0,0,0,1
592,0,0,1,0
941,0,1,0,0
3340,0,0,0,1
2171,1,0,0,0
1364,0,1,0,0
1436,0,1,0,0
1120,0,1,0,0
2596,1,0,0,0
1552,0,1,0,0
545,0,0,1,0
290,0,0,1,0
182,0,0,1,0
766,0,0,1,0
526,0,0,1,0
128,0,0,1,0
330,0,0,1,0
1193,0,1,0,0
260,0,0,1,0
1521,0,1,0,0
398,0,0,1,0
3301,0,0,0,1
3270,0,0,0,1
303,0,0,1,0
3562,0,0,0,1
968,0,1,0,0
2272,1,0,0,0
2859,0,0,0,1
2306,1,0,0,0
2756,1,0,0,0
3065,0,0,0,1
1071,0,1,0,0
2446,1,0,0,0
2147,1,0,0,0
522,0,0,1,0
2488,1,0,0,0
3472,0,0,0,1
659,0,0,1,0
3580,0,0,0,1
94,0,0,1,0
283,0,0,1,0
216,0,0,1,0
3526,0,0,0,1
1917,0,1,0,0
946,0,1,0,0
1047,0,1,0,0
585,0,0,1,0
2449,1,0,0,0
3418,0,0,0,1
1311,0,1,0,0
1703,0,1,0,0
1448,0,1,0,0
449,0,0,1,0
2581,1,0,0,0
2372,1,0,0,0
2097,1,0,0,0
2499,1,0,0,0
2873,0,0,0,1
713,0,0,1,0
510,0,0,1,0
844,0,1,0,0
569,0,0,1,0
3452,0,0,0,1
724,0,0,1,0
2084,1,0,0,0
1065,0,1,0,0
1032,0,1,0,0
1186,0,1,0,0
3279,0,0,0,1
1356,0,1,0,0
1276,0,1,0,0
441,0,0,1,0
202,0,0,1,0
3150,0,0,0,1
1981,1,0,0,0
2986,0,0,0,1
427,0,0,1,0
2475,1,0,0,0
847,0,1,0,0
1661,0,1,0,0
1353,0,1,0,0
2852,0,0,0,1
1402,0,1,0,0
3025,0,0,0,1
2207,1,0,0,0
2423,1,0,0,0
1409,0,1,0,0
285,0,0,1,0
3186,0,0,0,1
3555,0,0,0,1
1291,0,1,0,0
1614,0,1,0,0
2122,1,0,0,0
1615,0,1,0,0
1830,0,1,0,0
2574,1,0,0,0
3185,0,0,0,1
1871,0,1,0,0
1790,0,1,0,0
2714,1,0,0,0
2397,1,0,0,0
2713,1,0,0,0
2634,1,0,0,0
3054,0,0,0,1
1174,0,1,0,0
95,0,0,1,0
1303,0,1,0,0
3514,0,0,0,1
1425,0,1,0,0
2384,1,0,0,0
469,0,0,1,0
466,0,0,1,0
1134,0,1,0,0
2557,1,0,0,0
977,0,1,0,0
1803,0,1,0,0
1593,0,1,0,0
2203,1,0,0,0
1256,0,1,0,0
255,0,0,1,0
1266,0,1,0,0
2361,1,0,0,0
3384,0,0,0,1
3512,0,0,0,1
1902,0,1,0,0
1452,0,1,0,0
133,0,0,1,0
242,0,0,1,0
2983,0,0,0,1
2427,1,0,0,0
55,0,0,1,0
2530,1,0,0,0
2222,1,0,0,0
3280,0,0,0,1
2191,1,0,0,0
1759,0,1,0,0
3026,0,0,0,1
474,0,0,1,0
3314,0,0,0,1
2681,1,0,0,0
2972,0,0,0,1
3521,0,0,0,1
3505,0,0,0,1
2773,1,0,0,0
1837,0,1,0,0
370,0,0,1,0
437,0,0,1,0
1841,0,1,0,0
3483,0,0,0,1
976,0,1,0,0
215,0,0,1,0
3052,0,0,0,1
2080,1,0,0,0
1769,0,1,0,0
1882,0,1,0,0
1649,0,1,0,0
2180,1,0,0,0
36,0,0,1,0
3510,0,0,0,1
1610,0,1,0,0
3561,0,0,0,1
1960,0,1,0,0
1632,0,1,0,0
1796,0,1,0,0
2332,1,0,0,0
1064,0,1,0,0
641,0,0,1,0
340,0,0,1,0
3386,0,0,0,1
2001,1,0,0,0
1872,0,1,0,0
282,0,0,1,0
3199,0,0,0,1
424,0,0,1,0
1974,1,0,0,0
1251,0,1,0,0
3502,0,0,0,1
1437,0,1,0,0
2592,1,0,0,0
2024,1,0,0,0
826,0,1,0,0
2607,1,0,0,0
1864,0,1,0,0
688,0,0,1,0
376,0,0,1,0
2520,1,0,0,0
1281,0,1,0,0
2627,1,0,0,0
1264,0,1,0,0
3370,0,0,0,1
101,0,0,1,0
1636,0,1,0,0
2924,0,0,0,1
3084,0,0,0,1
2473,1,0,0,0
1069,0,1,0,0
127,0,0,1,0
1571,0,1,0,0
408,0,0,1,0
704,0,0,1,0
1667,0,1,0,0
1728,0,1,0,0
162,0,0,1,0
1982,1,0,0,0
1681,0,1,0,0
3012,0,0,0,1
2955,0,0,0,1
1543,0,1,0,0
2343,1,0,0,0
3421,0,0,0,1
1094,0,1,0,0
197,0,0,1,0
3446,0,0,0,1
88,0,0,1,0
1057,0,1,0,0
111,0,0,1,0
2515,1,0,0,0
2501,1,0,0,0
3533,0,0,0,1
1365,0,1,0,0
859,0,1,0,0
795,0,0,1,0
2900,0,0,0,1
835,0,1,0,0
3431,0,0,0,1
3515,0,0,0,1
1170,0,1,0,0
744,0,0,1,0
2218,1,0,0,0
2620,1,0,0,0
1959,0,1,0,0
1569,0,1,0,0
509,0,0,1,0
2622,1,0,0,0
292,0,0,1,0
821,0,0,1,0
909,0,1,0,0
3242,0,0,0,1
1262,0,1,0,0
2308,1,0,0,0
2365,1,0,0,0
3416,0,0,0,1
594,0,0,1,0
3538,0,0,0,1
3460,0,0,0,1
3560,0,0,0,1
920,0,1,0,0
1938,0,1,0,0
1547,0,1,0,0
1447,0,1,0,0
2145,1,0,0,0
1742,0,1,0,0
2908,0,0,0,1
591,0,0,1,0
1263,0,1,0,0
21,0,0,1,0
293,0,0,1,0
4,0,0,1,0
2490,1,0,0,0
2988,0,0,0,1
1942,0,1,0,0
590,0,0,1,0
1779,0,1,0,0
1556,0,1,0,0
3424,0,0,0,1
3325,0,0,0,1
2015,1,0,0,0
3500,0,0,0,1
2692,1,0,0,0
3158,0,0,0,1
1046,0,1,0,0
125,0,0,1,0
1476,0,1,0,0
2476,1,0,0,0
3,0,0,1,0
1246,0,1,0,0
1654,0,1,0,0
489,0,0,1,0
1733,0,1,0,0
2070,1,0,0,0
686,0,0,1,0
1948,0,1,0,0
46,0,0,1,0
64,0,0,1,0
1153,0,1,0,0
1052,0,1,0,0
392,0,0,1,0
519,0,0,1,0
2595,1,0,0,0
2584,1,0,0,0
3286,0,0,0,1
254,0,0,1,0
531,0,0,1,0
176,0,0,1,0
3310,0,0,0,1
1545,0,1,0,0
337,0,0,1,0
2131,1,0,0,0
2802,1,0,0,0
1952,0,1,0,0
638,0,0,1,0
1322,0,1,0,0
2315,1,0,0,0
2042,1,0,0,0
3488,0,0,0,1
2211,1,0,0,0
3267,0,0,0,1
2143,1,0,0,0
287,0,0,1,0
846,0,1,0,0
2970,0,0,0,1
3283,0,0,0,1
2314,1,0,0,0
3437,0,0,0,1
2947,0,0,0,1
3593,0,0,0,1
2761,1,0,0,0
809,0,0,1,0
1727,0,1,0,0
2799,1,0,0,0
1581,0,1,0,0
1880,0,1,0,0
3142,0,0,0,1
1151,0,1,0,0
130,0,0,1,0
919,0,1,0,0
1085,0,1,0,0
524,0,0,1,0
2208,1,0,0,0
539,0,0,1,0
3118,0,0,0,1
2875,0,0,0,1
2743,1,0,0,0
841,0,1,0,0
59,0,0,1,0
2762,1,0,0,0
527,0,0,1,0
938,0,1,0,0
1784,0,1,0,0
1255,0,1,0,0
563,0,0,1,0
160,0,0,1,0
2537,1,0,0,0
2422,1,0,0,0
8,0,0,1,0
3138,0,0,0,1
2493,1,0,0,0
1595,0,1,0,0
322,0,0,1,0
278,0,0,1,0
1079,0,1,0,0
1588,0,1,0,0
1913,0,1,0,0
829,0,1,0,0
828,0,1,0,0
1519,0,1,0,0
935,0,1,0,0
908,0,1,0,0
3034,0,0,0,1
1376,0,1,0,0
2167,1,0,0,0
71,0,0,1,0
2702,1,0,0,0
1793,0,1,0,0
1601,0,1,0,0
1325,0,1,0,0
2589,1,0,0,0
1726,0,1,0,0
2774,1,0,0,0
288,0,0,1,0
163,0,0,1,0
1910,0,1,0,0
596,0,0,1,0
2563,1,0,0,0
1453,0,1,0,0
810,0,0,1,0
3152,0,0,0,1
2370,1,0,0,0
2060,1,0,0,0
2801,1,0,0,0
729,0,0,1,0
2639,1,0,0,0
232,0,0,1,0
3233,0,0,0,1
2497,1,0,0,0
1628,0,1,0,0
1575,0,1,0,0
731,0,0,1,0
3380,0,0,0,1
2491,1,0,0,0
2233,1,0,0,0
3196,0,0,0,1
221,0,0,1,0
87,0,0,1,0
2367,1,0,0,0
3093,0,0,0,1
2353,1,0,0,0
246,0,0,1,0
1584,0,1,0,0
990,0,1,0,0
3399,0,0,0,1
3549,0,0,0,1
3589,0,0,0,1
1641,0,1,0,0
1377,0,1,0,0
982,0,1,0,0
2359,1,0,0,0
2556,1,0,0,0
697,0,0,1,0
1515,0,1,0,0
178,0,0,1,0
2937,0,0,0,1
2186,1,0,0,0
1608,0,1,0,0
3022,0,0,0,1
171,0,0,1,0
501,0,0,1,0
2809,1,0,0,0
2148,1,0,0,0
1745,0,1,0,0
2564,1,0,0,0
1961,0,1,0,0
694,0,0,1,0
1914,0,1,0,0
685,0,0,1,0
752,0,0,1,0
1559,0,1,0,0
2883,0,0,0,1
631,0,0,1,0
3131,0,0,0,1
2656,1,0,0,0
757,0,0,1,0
286,0,0,1,0
1293,0,1,0,0
2055,1,0,0,0
1163,0,1,0,0
1876,0,1,0,0
3389,0,0,0,1
2822,1,0,0,0
952,0,1,0,0
2975,0,0,0,1
1379,0,1,0,0
1091,0,1,0,0
2375,1,0,0,0
543,0,0,1,0
3343,0,0,0,1
793,0,0,1,0
1432,0,1,0,0
3347,0,0,0,1
2052,1,0,0,0
2847,0,0,0,1
485,0,0,1,0
1049,0,1,0,0
893,0,1,0,0
1147,0,1,0,0
746,0,0,1,0
1847,0,1,0,0
1827,0,1,0,0
1450,0,1,0,0
3557,0,0,0,1
1229,0,1,0,0
1550,0,1,0,0
3235,0,0,0,1
2149,1,0,0,0
3247,0,0,0,1
450,0,0,1,0
2962,0,0,0,1
973,0,1,0,0
3272,0,0,0,1
2667,1,0,0,0
544,0,0,1,0
2344,1,0,0,0
1620,0,1,0,0
663,0,0,1,0
2904,0,0,0,1
1835,0,1,0,0
3506,0,0,0,1
2096,1,0,0,0
803,0,0,1,0
3164,0,0,0,1
778,0,0,1,0
848,0,1,0,0
1579,0,1,0,0
3255,0,0,0,1
3554,0,0,0,1
899,0,1,0,0
239,0,0,1,0
335,0,0,1,0
1997,1,0,0,0
667,0,0,1,0
2339,1,0,0,0
372,0,0,1,0
3523,0,0,0,1
3299,0,0,0,1
557,0,0,1,0
1512,0,1,0,0
657,0,0,1,0
72,0,0,1,0
2236,1,0,0,0
1807,0,1,0,0
3191,0,0,0,1
1639,0,1,0,0
1179,0,1,0,0
257,0,0,1,0
116,0,0,1,0
11,0,0,1,0
2112,1,0,0,0
3408,0,0,0,1
1141,0,1,0,0
2934,0,0,0,1
2377,1,0,0,0
3448,0,0,0,1
405,0,0,1,0
1133,0,1,0,0
661,0,0,1,0
2899,0,0,0,1
3282,0,0,0,1
950,0,1,0,0
1925,0,1,0,0
2567,1,0,0,0
3182,0,0,0,1
3585,0,0,0,1
552,0,0,1,0
3115,0,0,0,1
682,0,0,1,0
1979,1,0,0,0
1672,0,1,0,0
1523,0,1,0,0
2278,1,0,0,0
1970,1,0,0,0
1209,0,1,0,0
3106,0,0,0,1
3586,0,0,0,1
3263,0,0,0,1
2092,1,0,0,0
1464,0,1,0,0
2385,1,0,0,0
2849,0,0,0,1
3345,0,0,0,1
1977,1,0,0,0
3607,0,0,0,1
2417,1,0,0,0
632,0,0,1,0
2857,0,0,0,1
607,0,0,1,0
3327,0,0,0,1
680,0,0,1,0
2153,1,0,0,0
3509,0,0,0,1
2548,1,0,0,0
2698,1,0,0,0
429,0,0,1,0
2201,1,0,0,0
1992,1,0,0,0
2745,1,0,0,0
2992,0,0,0,1
2518,1,0,0,0
2954,0,0,0,1
2130,1,0,0,0
2268,1,0,0,0
264,0,0,1,0
1207,0,1,0,0
3163,0,0,0,1
648,0,0,1,0
2680,1,0,0,0
1729,0,1,0,0
1467,0,1,0,0
3602,0,0,0,1
2837,0,0,0,1
2611,1,0,0,0
217,0,0,1,0
1985,1,0,0,0
1405,0,1,0,0
1084,0,1,0,0
249,0,0,1,0
313,0,0,1,0
123,0,0,1,0
1245,0,1,0,0
1996,1,0,0,0
2625,1,0,0,0
1335,0,1,0,0
1714,0,1,0,0
2879,0,0,0,1
788,0,0,1,0
493,0,0,1,0
223,0,0,1,0
3577,0,0,0,1
3292,0,0,0,1
2951,0,0,0,1
1594,0,1,0,0
348,0,0,1,0
189,0,0,1,0
2580,1,0,0,0
2102,1,0,0,0
390,0,0,1,0
2462,1,0,0,0
3385,0,0,0,1
467,0,0,1,0
1951,0,1,0,0
3531,0,0,0,1
3313,0,0,0,1
2880,0,0,0,1
231,0,0,1,0
1257,0,1,0,0
3071,0,0,0,1
647,0,0,1,0
3517,0,0,0,1
1546,0,1,0,0
2654,1,0,0,0
689,0,0,1,0
740,0,0,1,0
2966,0,0,0,1
2416,1,0,0,0
1469,0,1,0,0
3425,0,0,0,1
238,0,0,1,0
1100,0,1,0,0
2771,1,0,0,0
2764,1,0,0,0
537,0,0,1,0
1190,0,1,0,0
2117,1,0,0,0
963,0,1,0,0
470,0,0,1,0
3214,0,0,0,1
3351,0,0,0,1
2783,1,0,0,0
1392,0,1,0,0
2182,1,0,0,0
2073,1,0,0,0
2747,1,0,0,0
52,0,0,1,0
271,0,0,1,0
1382,0,1,0,0
3089,0,0,0,1
616,0,0,1,0
451,0,0,1,0
2246,1,0,0,0
1061,0,1,0,0
815,0,0,1,0
1659,0,1,0,0
1034,0,1,0,0
2882,0,0,0,1
3486,0,0,0,1
1532,0,1,0,0
2301,1,0,0,0
2164,1,0,0,0
1538,0,1,0,0
2575,1,0,0,0
1485,0,1,0,0
3311,0,0,0,1
2856,0,0,0,1
2579,1,0,0,0
1468,0,1,0,0
2287,1,0,0,0
2088,1,0,0,0
1212,0,1,0,0
771,0,0,1,0
3490,0,0,0,1
3181,0,0,0,1
570,0,0,1,0
1030,0,1,0,0
1922,0,1,0,0
1028,0,1,0,0
699,0,0,1,0
649,0,0,1,0
542,0,0,1,0
578,0,0,1,0
3410,0,0,0,1
1934,0,1,0,0
3361,0,0,0,1
2305,1,0,0,0
2395,1,0,0,0
1991,1,0,0,0
1490,0,1,0,0
1563,0,1,0,0
380,0,0,1,0
849,0,1,0,0
352,0,0,1,0
1553,0,1,0,0
2087,1,0,0,0
1418,0,1,0,0
1017,0,1,0,0
26,0,0,1,0
2484,1,0,0,0
1292,0,1,0,0
2399,1,0,0,0
2792,1,0,0,0
1253,0,1,0,0
1808,0,1,0,0
619,0,0,1,0
1178,0,1,0,0
1128,0,1,0,0
2612,1,0,0,0
2103,1,0,0,0
1562,0,1,0,0
3433,0,0,0,1
1939,0,1,0,0
2534,1,0,0,0
396,0,0,1,0
994,0,1,0,0
1935,0,1,0,0
2832,0,0,0,1
2243,1,0,0,0
1340,0,1,0,0
1478,0,1,0,0
298,0,0,1,0
2531,1,0,0,0
1756,0,1,0,0
2363,1,0,0,0
1111,0,1,0,0
1607,0,1,0,0
2744,1,0,0,0
2290,1,0,0,0
774,0,0,1,0
2356,1,0,0,0
1062,0,1,0,0
2434,1,0,0,0
2393,1,0,0,0
2519,1,0,0,0
3125,0,0,0,1
342,0,0,1,0
38,0,0,1,0
75,0,0,1,0
3611,0,0,0,1
1132,0,1,0,0
2806,1,0,0,0
1199,0,1,0,0
1541,0,1,0,0
2369,1,0,0,0
225,0,0,1,0
2669,1,0,0,0
914,0,1,0,0
2892,0,0,0,1
2224,1,0,0,0
3087,0,0,0,1
3465,0,0,0,1
3294,0,0,0,1
2916,0,0,0,1
1216,0,1,0,0
70,0,0,1,0
3265,0,0,0,1
2778,1,0,0,0
2438,1,0,0,0
553,0,0,1,0
2524,1,0,0,0
2217,1,0,0,0
901,0,1,0,0
3077,0,0,0,1
2629,1,0,0,0
2311,1,0,0,0
720,0,0,1,0
1104,0,1,0,0
2777,1,0,0,0
2067,1,0,0,0
3009,0,0,0,1
2569,1,0,0,0
1294,0,1,0,0
879,0,1,0,0
2571,1,0,0,0
2645,1,0,0,0
776,0,0,1,0
1999,1,0,0,0
1270,0,1,0,0
2165,1,0,0,0
679,0,0,1,0
2850,0,0,0,1
1313,0,1,0,0
2689,1,0,0,0
2649,1,0,0,0
2448,1,0,0,0
506,0,0,1,0
148,0,0,1,0
1573,0,1,0,0
1,0,0,1,0
1590,0,1,0,0
279,0,0,1,0
525,0,0,1,0
1780,0,1,0,0
3529,0,0,0,1
3018,0,0,0,1
2127,1,0,0,0
3352,0,0,0,1
1045,0,1,0,0
1070,0,1,0,0
463,0,0,1,0
1774,0,1,0,0
904,0,1,0,0
3081,0,0,0,1
2795,1,0,0,0
3356,0,0,0,1
1109,0,1,0,0
1583,0,1,0,0
3379,0,0,0,1
5,0,0,1,0
3003,0,0,0,1
122,0,0,1,0
3180,0,0,0,1
1378,0,1,0,0
1131,0,1,0,0
1314,0,1,0,0
784,0,0,1,0
1831,0,1,0,0
316,0,0,1,0
2259,1,0,0,0
1995,1,0,0,0
1304,0,1,0,0
2568,1,0,0,0
1859,0,1,0,0
438,0,0,1,0
2736,1,0,0,0
2893,0,0,0,1
3269,0,0,0,1
3480,0,0,0,1
1832,0,1,0,0
2779,1,0,0,0
3513,0,0,0,1
3591,0,0,0,1
2923,0,0,0,1
1218,0,1,0,0
2728,1,0,0,0
243,0,0,1,0
2348,1,0,0,0
1885,0,1,0,0
1076,0,1,0,0
1397,0,1,0,0
2401,1,0,0,0
622,0,0,1,0
1956,0,1,0,0
2322,1,0,0,0
3331,0,0,0,1
3335,0,0,0,1
3076,0,0,0,1
100,0,0,1,0
3156,0,0,0,1
1833,0,1,0,0
1026,0,1,0,0
2458,1,0,0,0
1441,0,1,0,0
3253,0,0,0,1
1159,0,1,0,0
2737,1,0,0,0
235,0,0,1,0
502,0,0,1,0
1605,0,1,0,0
2618,1,0,0,0
953,0,1,0,0
1627,0,1,0,0
1969,0,1,0,0
1342,0,1,0,0
2107,1,0,0,0
2354,1,0,0,0
2502,1,0,0,0
461,0,0,1,0
2536,1,0,0,0
696,0,0,1,0
1457,0,1,0,0
709,0,0,1,0
1825,0,1,0,0
3479,0,0,0,1
2877,0,0,0,1
511,0,0,1,0
587,0,0,1,0
609,0,0,1,0
3128,0,0,0,1
3478,0,0,0,1
1494,0,1,0,0
1690,0,1,0,0
2342,1,0,0,0
1683,0,1,0,0
3278,0,0,0,1
1943,0,1,0,0
2766,1,0,0,0
373,0,0,1,0
2723,1,0,0,0
637,0,0,1,0
302,0,0,1,0
2489,1,0,0,0
3473,0,0,0,1
3420,0,0,0,1
99,0,0,1,0
1166,0,1,0,0
1249,0,1,0,0
2119,1,0,0,0
496,0,0,1,0
2464,1,0,0,0
2108,1,0,0,0
3537,0,0,0,1
2782,1,0,0,0
1139,0,1,0,0
989,0,1,0,0
1137,0,1,0,0
1582,0,1,0,0
3604,0,0,0,1
2797,1,0,0,0
3367,0,0,0,1
2842,0,0,0,1
1592,0,1,0,0
1439,0,1,0,0
785,0,0,1,0
2210,1,0,0,0
62,0,0,1,0
268,0,0,1,0
355,0,0,1,0
344,0,0,1,0
2368,1,0,0,0
521,0,0,1,0
2113,1,0,0,0
2452,1,0,0,0
583,0,0,1,0
3298,0,0,0,1
2007,1,0,0,0
1097,0,1,0,0
1927,0,1,0,0
1067,0,1,0,0
1372,0,1,0,0
103,0,0,1,0
3097,0,0,0,1
3322,0,0,0,1
965,0,1,0,0
2610,1,0,0,0
668,0,0,1,0
2177,1,0,0,0
955,0,1,0,0
3603,0,0,0,1
2333,1,0,0,0
1510,0,1,0,0
1809,0,1,0,0
3429,0,0,0,1
1983,1,0,0,0
20,0,0,1,0
164,0,0,1,0
2366,1,0,0,0
2061,1,0,0,0
1589,0,1,0,0
3595,0,0,0,1
1031,0,1,0,0
942,0,1,0,0
2357,1,0,0,0
2653,1,0,0,0
1470,0,1,0,0
3067,0,0,0,1
3606,0,0,0,1
2406,1,0,0,0
40,0,0,1,0
2104,1,0,0,0
228,0,0,1,0
536,0,0,1,0
2436,1,0,0,0
1678,0,1,0,0
2613,1,0,0,0
2724,1,0,0,0
3217,0,0,0,1
3346,0,0,0,1
1684,0,1,0,0
53,0,0,1,0
3522,0,0,0,1
2952,0,0,0,1
2252,1,0,0,0
459,0,0,1,0
1555,0,1,0,0
3364,0,0,0,1
996,0,1,0,0
1316,0,1,0,0
2974,0,0,0,1
3423,0,0,0,1
2949,0,0,0,1
3132,0,0,0,1
3187,0,0,0,1
658,0,0,1,0
1403,0,1,0,0
1754,0,1,0,0
2346,1,0,0,0
3477,0,0,0,1
2277,1,0,0,0
1513,0,1,0,0
3226,0,0,0,1
2800,1,0,0,0
1591,0,1,0,0
2098,1,0,0,0
643,0,0,1,0
1391,0,1,0,0
2121,1,0,0,0
2941,0,0,0,1
884,0,1,0,0
1881,0,1,0,0
1792,0,1,0,0
1146,0,1,0,0
2197,1,0,0,0
2141,1,0,0,0
2572,1,0,0,0
2040,1,0,0,0
773,0,0,1,0
1894,0,1,0,0
1819,0,1,0,0
1066,0,1,0,0
1238,0,1,0,0
1401,0,1,0,0
2321,1,0,0,0
1158,0,1,0,0
1093,0,1,0,0
1687,0,1,0,0
2570,1,0,0,0
2753,1,0,0,0
1043,0,1,0,0
1326,0,1,0,0
2637,1,0,0,0
3049,0,0,0,1
1879,0,1,0,0
1310,0,1,0,0
1531,0,1,0,0
2031,1,0,0,0
2657,1,0,0,0
2984,0,0,0,1
156,0,0,1,0
3492,0,0,0,1
3224,0,0,0,1
280,0,0,1,0
379,0,0,1,0
48,0,0,1,0
2139,1,0,0,0
3289,0,0,0,1
2811,1,0,0,0
1834,0,1,0,0
492,0,0,1,0
1828,0,1,0,0
646,0,0,1,0
3273,0,0,0,1
1056,0,1,0,0
3348,0,0,0,1
3238,0,0,0,1
911,0,1,0,0
3241,0,0,0,1
3396,0,0,0,1
2815,1,0,0,0
676,0,0,1,0
1918,0,1,0,0
1040,0,1,0,0
61,0,0,1,0
2829,0,0,0,1
2205,1,0,0,0
2609,1,0,0,0
3192,0,0,0,1
1247,0,1,0,0
3213,0,0,0,1
135,0,0,1,0
549,0,0,1,0
3518,0,0,0,1
207,0,0,1,0
1712,0,1,0,0
360,0,0,1,0
1823,0,1,0,0
374,0,0,1,0
1673,0,1,0,0
153,0,0,1,0
1077,0,1,0,0
3608,0,0,0,1
3383,0,0,0,1
572,0,0,1,0
2281,1,0,0,0
1427,0,1,0,0
304,0,0,1,0
1144,0,1,0,0
3482,0,0,0,1
1697,0,1,0,0
1014,0,1,0,0
2196,1,0,0,0
1670,0,1,0,0
1919,0,1,0,0
3057,0,0,0,1
2561,1,0,0,0
3599,0,0,0,1
838,0,1,0,0
1626,0,1,0,0
1167,0,1,0,0
2358,1,0,0,0
1748,0,1,0,0
3540,0,0,0,1
2666,1,0,0,0
1343,0,1,0,0
565,0,0,1,0
1877,0,1,0,0
146,0,0,1,0
1740,0,1,0,0
2250,1,0,0,0
58,0,0,1,0
2230,1,0,0,0
1524,0,1,0,0
902,0,1,0,0
2161,1,0,0,0
556,0,0,1,0
812,0,0,1,0
1705,0,1,0,0
145,0,0,1,0
3308,0,0,0,1
3584,0,0,0,1
2072,1,0,0,0
3222,0,0,0,1
2512,1,0,0,0
2136,1,0,0,0
2242,1,0,0,0
3391,0,0,0,1
966,0,1,0,0
2050,1,0,0,0
2697,1,0,0,0
2788,1,0,0,0
3016,0,0,0,1
1580,0,1,0,0
505,0,0,1,0
2835,0,0,0,1
1701,0,1,0,0
512,0,0,1,0
220,0,0,1,0
1208,0,1,0,0
497,0,0,1,0
2817,1,0,0,0
2374,1,0,0,0
1498,0,1,0,0
3497,0,0,0,1
1463,0,1,0,0
1812,0,1,0,0
540,0,0,1,0
1197,0,1,0,0
3281,0,0,0,1
1406,0,1,0,0
1630,0,1,0,0
2765,1,0,0,0
1663,0,1,0,0
2555,1,0,0,0
2993,0,0,0,1
1916,0,1,0,0
2734,1,0,0,0
1869,0,1,0,0
1003,0,1,0,0
1152,0,1,0,0
2791,1,0,0,0
3227,0,0,0,1
1865,0,1,0,0
2059,1,0,0,0
3157,0,0,0,1
2134,1,0,0,0
1848,0,1,0,0
2872,0,0,0,1
1029,0,1,0,0
3173,0,0,0,1
1098,0,1,0,0
3553,0,0,0,1
2953,0,0,0,1
3083,0,0,0,1
2118,1,0,0,0
1142,0,1,0,0
272,0,0,1,0
1889,0,1,0,0
896,0,1,0,0
2748,1,0,0,0
625,0,0,1,0
1355,0,1,0,0
488,0,0,1,0
1704,0,1,0,0
819,0,0,1,0
1664,0,1,0,0
1660,0,1,0,0
471,0,0,1,0
6,0,0,1,0
3141,0,0,0,1
768,0,0,1,0
2012,1,0,0,0
2602,1,0,0,0
1058,0,1,0,0
1261,0,1,0,0
343,0,0,1,0
934,0,1,0,0
1110,0,1,0,0
248,0,0,1,0
1560,0,1,0,0
318,0,0,1,0
2020,1,0,0,0
2646,1,0,0,0
50,0,0,1,0
2917,0,0,0,1
3494,0,0,0,1
1965,0,1,0,0
503,0,0,1,0
764,0,0,1,0
3140,0,0,0,1
2082,1,0,0,0
3601,0,0,0,1
1533,0,1,0,0
3381,0,0,0,1
3471,0,0,0,1
1897,0,1,0,0
2995,0,0,0,1
219,0,0,1,0
2004,1,0,0,0
1306,0,1,0,0
1413,0,1,0,0
3096,0,0,0,1
1411,0,1,0,0
2559,1,0,0,0
698,0,0,1,0
2132,1,0,0,0
1903,0,1,0,0
43,0,0,1,0
2023,1,0,0,0
2264,1,0,0,0
702,0,0,1,0
1679,0,1,0,0
9,0,0,1,0
1231,0,1,0,0
2075,1,0,0,0
108,0,0,1,0
1767,0,1,0,0
2636,1,0,0,0
1426,0,1,0,0
3254,0,0,0,1
3210,0,0,0,1
3010,0,0,0,1
2973,0,0,0,1
1644,0,1,0,0
420,0,0,1,0
2409,1,0,0,0
2671,1,0,0,0
618,0,0,1,0
147,0,0,1,0
2604,1,0,0,0
652,0,0,1,0
2494,1,0,0,0
382,0,0,1,0
3436,0,0,0,1
150,0,0,1,0
3104,0,0,0,1
1101,0,1,0,0
1855,0,1,0,0
442,0,0,1,0
2550,1,0,0,0
2282,1,0,0,0
2085,1,0,0,0
1963,0,1,0,0
2504,1,0,0,0
31,0,0,1,0
2930,0,0,0,1
1656,0,1,0,0
2807,1,0,0,0
2517,1,0,0,0
1460,0,1,0,0
2516,1,0,0,0
1791,0,1,0,0
2215,1,0,0,0
671,0,0,1,0
3567,0,0,0,1
2135,1,0,0,0
149,0,0,1,0
568,0,0,1,0
2858,0,0,0,1
1177,0,1,0,0
2362,1,0,0,0
2830,0,0,0,1
2095,1,0,0,0
252,0,0,1,0
858,0,1,0,0
1698,0,1,0,0
3305,0,0,0,1
211,0,0,1,0
593,0,0,1,0
559,0,0,1,0
90,0,0,1,0
1836,0,1,0,0
473,0,0,1,0
3507,0,0,0,1
3329,0,0,0,1
2971,0,0,0,1
2465,1,0,0,0
2808,1,0,0,0
551,0,0,1,0
1962,0,1,0,0
394,0,0,1,0
3572,0,0,0,1
3169,0,0,0,1
3503,0,0,0,1
1373,0,1,0,0
1685,0,1,0,0
3414,0,0,0,1
517,0,0,1,0
2547,1,0,0,0
2831,0,0,0,1
1851,0,1,0,0
3532,0,0,0,1
2869,0,0,0,1
1786,0,1,0,0
3374,0,0,0,1
2195,1,0,0,0
3100,0,0,0,1
65,0,0,1,0
3291,0,0,0,1
798,0,0,1,0
1640,0,1,0,0
1041,0,1,0,0
2447,1,0,0,0
883,0,1,0,0
3048,0,0,0,1
2939,0,0,0,1
937,0,1,0,0
3610,0,0,0,1
3551,0,0,0,1
3371,0,0,0,1
354,0,0,1,0
2732,1,0,0,0
1297,0,1,0,0
2486,1,0,0,0
3426,0,0,0,1
3162,0,0,0,1
2717,1,0,0,0
2157,1,0,0,0
15,0,0,1,0
3091,0,0,0,1
3045,0,0,0,1
327,0,0,1,0
2086,1,0,0,0
3582,0,0,0,1
1480,0,1,0,0
1385,0,1,0,0
627,0,0,1,0
1096,0,1,0,0
1022,0,1,0,0
845,0,1,0,0
3038,0,0,0,1
3275,0,0,0,1
748,0,0,1,0
1039,0,1,0,0
2461,1,0,0,0
3402,0,0,0,1
1175,0,1,0,0
2386,1,0,0,0
2338,1,0,0,0
2000,1,0,0,0
227,0,0,1,0
244,0,0,1,0
2411,1,0,0,0
3338,0,0,0,1
2307,1,0,0,0
3237,0,0,0,1
1268,0,1,0,0
1434,0,1,0,0
642,0,0,1,0
1410,0,1,0,0
402,0,0,1,0
1893,0,1,0,0
387,0,0,1,0
2074,1,0,0,0
2039,1,0,0,0
927,0,1,0,0
296,0,0,1,0
2078,1,0,0,0
3405,0,0,0,1
2185,1,0,0,0
2682,1,0,0,0
3463,0,0,0,1
3401,0,0,0,1
1387,0,1,0,0
67,0,0,1,0
2482,1,0,0,0
1846,0,1,0,0
917,0,1,0,0
3290,0,0,0,1
666,0,0,1,0
3495,0,0,0,1
3063,0,0,0,1
3398,0,0,0,1
1509,0,1,0,0
2313,1,0,0,0
2838,0,0,0,1
2010,1,0,0,0
1089,0,1,0,0
113,0,0,1,0
2704,1,0,0,0
2140,1,0,0,0
230,0,0,1,0
3119,0,0,0,1
1275,0,1,0,0
2944,0,0,0,1
1811,0,1,0,0
3427,0,0,0,1
1280,0,1,0,0
1788,0,1,0,0
460,0,0,1,0
3203,0,0,0,1
2244,1,0,0,0
480,0,0,1,0
1203,0,1,0,0
22,0,0,1,0
1604,0,1,0,0
681,0,0,1,0
1525,0,1,0,0
1143,0,1,0,0
1906,0,1,0,0
326,0,0,1,0
1772,0,1,0,0
1806,0,1,0,0
1989,1,0,0,0
1287,0,1,0,0
2247,1,0,0,0
3252,0,0,0,1
1696,0,1,0,0
2424,1,0,0,0
2062,1,0,0,0
1896,0,1,0,0
2318,1,0,0,0
2239,1,0,0,0
1839,0,1,0,0
962,0,1,0,0
2870,0,0,0,1
2679,1,0,0,0
695,0,0,1,0
2345,1,0,0,0
2708,1,0,0,0
3257,0,0,0,1
888,0,1,0,0
3193,0,0,0,1
377,0,0,1,0
1489,0,1,0,0
251,0,0,1,0
2506,1,0,0,0
3170,0,0,0,1
2772,1,0,0,0
1082,0,1,0,0
3417,0,0,0,1
802,0,0,1,0
3264,0,0,0,1
2276,1,0,0,0
948,0,1,0,0
3098,0,0,0,1
2553,1,0,0,0
3489,0,0,0,1
684,0,0,1,0
1777,0,1,0,0
3550,0,0,0,1
1417,0,1,0,0
1059,0,1,0,0
2874,0,0,0,1
1363,0,1,0,0
138,0,0,1,0
1860,0,1,0,0
1361,0,1,0,0
3605,0,0,0,1
1597,0,1,0,0
2959,0,0,0,1
3541,0,0,0,1
3201,0,0,0,1
1764,0,1,0,0
369,0,0,1,0
2839,0,0,0,1
2320,1,0,0,0
2740,1,0,0,0
820,0,0,1,0
1337,0,1,0,0
30,0,0,1,0
1080,0,1,0,0
2158,1,0,0,0
1078,0,1,0,0
3061,0,0,0,1
206,0,0,1,0
1198,0,1,0,0
2304,1,0,0,0
2455,1,0,0,0
3592,0,0,0,1
717,0,0,1,0
1612,0,1,0,0
1750,0,1,0,0
1398,0,1,0,0
2588,1,0,0,0
2812,1,0,0,0
644,0,0,1,0
1749,0,1,0,0
2453,1,0,0,0
3228,0,0,0,1
3415,0,0,0,1
2730,1,0,0,0
3543,0,0,0,1
3236,0,0,0,1
57,0,0,1,0
2193,1,0,0,0
1929,0,1,0,0
499,0,0,1,0
2190,1,0,0,0
1204,0,1,0,0
1336,0,1,0,0
3029,0,0,0,1
1845,0,1,0,0
781,0,0,1,0
2886,0,0,0,1
1300,0,1,0,0
2433,1,0,0,0
807,0,0,1,0
1888,0,1,0,0
1113,0,1,0,0
1154,0,1,0,0
3166,0,0,0,1
3545,0,0,0,1
662,0,0,1,0
2912,0,0,0,1
984,0,1,0,0
3319,0,0,0,1
479,0,0,1,0
876,0,1,0,0
749,0,0,1,0
131,0,0,1,0
1370,0,1,0,0
705,0,0,1,0
2508,1,0,0,0
980,0,1,0,0
2413,1,0,0,0
2240,1,0,0,0
454,0,0,1,0
1843,0,1,0,0
1298,0,1,0,0
2249,1,0,0,0
1048,0,1,0,0
482,0,0,1,0
2094,1,0,0,0
801,0,0,1,0
2065,1,0,0,0
905,0,1,0,0
1892,0,1,0,0
261,0,0,1,0
621,0,0,1,0
324,0,0,1,0
2245,1,0,0,0
3422,0,0,0,1
3336,0,0,0,1
822,0,0,1,0
1682,0,1,0,0
910,0,1,0,0
2270,1,0,0,0
3453,0,0,0,1
2220,1,0,0,0
2283,1,0,0,0
727,0,0,1,0
2257,1,0,0,0
2903,0,0,0,1
2221,1,0,0,0
85,0,0,1,0
440,0,0,1,0
2376,1,0,0,0
2640,1,0,0,0
291,0,0,1,0
2910,0,0,0,1
1602,0,1,0,0
2781,1,0,0,0
3117,0,0,0,1
707,0,0,1,0
3212,0,0,0,1
1708,0,1,0,0
601,0,0,1,0
2942,0,0,0,1
2212,1,0,0,0
2234,1,0,0,0
91,0,0,1,0
2033,1,0,0,0
1433,0,1,0,0
2576,1,0,0,0
3109,0,0,0,1
1842,0,1,0,0
3295,0,0,0,1
1557,0,1,0,0
605,0,0,1,0
161,0,0,1,0
3354,0,0,0,1
981,0,1,0,0
1598,0,1,0,0
2663,1,0,0,0
490,0,0,1,0
747,0,0,1,0
114,0,0,1,0
1472,0,1,0,0
2755,1,0,0,0
1011,0,1,0,0
2325,1,0,0,0
1617,0,1,0,0
411,0,0,1,0
2337,1,0,0,0
166,0,0,1,0
180,0,0,1,0
1086,0,1,0,0
3368,0,0,0,1
2405,1,0,0,0
1688,0,1,0,0
2544,1,0,0,0
1631,0,1,0,0
1429,0,1,0,0
2049,1,0,0,0
732,0,0,1,0
2440,1,0,0,0
3362,0,0,0,1
3587,0,0,0,1
1366,0,1,0,0
18,0,0,1,0
1587,0,1,0,0
124,0,0,1,0
969,0,1,0,0
2199,1,0,0,0
1006,0,1,0,0
486,0,0,1,0
3442,0,0,0,1
3000,0,0,0,1
640,0,0,1,0
172,0,0,1,0
1928,0,1,0,0
289,0,0,1,0
2022,1,0,0,0
1495,0,1,0,0
3559,0,0,0,1
3487,0,0,0,1
3218,0,0,0,1
2294,1,0,0,0
1686,0,1,0,0
943,0,1,0,0
2911,0,0,0,1
2002,1,0,0,0
1802,0,1,0,0
576,0,0,1,0
2051,1,0,0,0
2219,1,0,0,0
1202,0,1,0,0
634,0,0,1,0
1642,0,1,0,0
112,0,0,1,0
3011,0,0,0,1
2661,1,0,0,0
2890,0,0,0,1
3085,0,0,0,1
1130,0,1,0,0
926,0,1,0,0
2425,1,0,0,0
3462,0,0,0,1
1119,0,1,0,0
371,0,0,1,0
2256,1,0,0,0
1657,0,1,0,0
2826,1,0,0,0
3369,0,0,0,1
3092,0,0,0,1
321,0,0,1,0
3428,0,0,0,1
2626,1,0,0,0
3358,0,0,0,1
1312,0,1,0,0
2513,1,0,0,0
136,0,0,1,0
2457,1,0,0,0
842,0,1,0,0
51,0,0,1,0
1724,0,1,0,0
2166,1,0,0,0
2721,1,0,0,0
2077,1,0,0,0
2154,1,0,0,0
851,0,1,0,0
1551,0,1,0,0
2439,1,0,0,0
3021,0,0,0,1
78,0,0,1,0
240,0,0,1,0
1873,0,1,0,0
32,0,0,1,0
2583,1,0,0,0
2624,1,0,0,0
2011,1,0,0,0
2668,1,0,0,0
3160,0,0,0,1
1926,0,1,0,0
726,0,0,1,0
3527,0,0,0,1
468,0,0,1,0
439,0,0,1,0
3260,0,0,0,1
674,0,0,1,0
295,0,0,1,0
1088,0,1,0,0
2538,1,0,0,0
1646,0,1,0,0
2253,1,0,0,0
1713,0,1,0,0
2181,1,0,0,0
755,0,0,1,0
1194,0,1,0,0
346,0,0,1,0
200,0,0,1,0
700,0,0,1,0
2503,1,0,0,0
2664,1,0,0,0
1223,0,1,0,0
3438,0,0,0,1
3440,0,0,0,1
923,0,1,0,0
750,0,0,1,0
431,0,0,1,0
2641,1,0,0,0
2317,1,0,0,0
2133,1,0,0,0
2902,0,0,0,1
1677,0,1,0,0
759,0,0,1,0
2477,1,0,0,0
1129,0,1,0,0
2854,0,0,0,1
936,0,1,0,0
1821,0,1,0,0
736,0,0,1,0
1240,0,1,0,0
2206,1,0,0,0
2025,1,0,0,0
2296,1,0,0,0
104,0,0,1,0
878,0,1,0,0
2997,0,0,0,1
624,0,0,1,0
761,0,0,1,0
2630,1,0,0,0
2982,0,0,0,1
314,0,0,1,0
2628,1,0,0,0
787,0,0,1,0
597,0,0,1,0
2261,1,0,0,0
653,0,0,1,0
428,0,0,1,0
833,0,1,0,0
3107,0,0,0,1
381,0,0,1,0
2380,1,0,0,0
1534,0,1,0,0
2599,1,0,0,0
1797,0,1,0,0
2420,1,0,0,0
2976,0,0,0,1
1422,0,1,0,0
985,0,1,0,0
1033,0,1,0,0
3059,0,0,0,1
378,0,0,1,0
1600,0,1,0,0
1038,0,1,0,0
2144,1,0,0,0
477,0,0,1,0
39,0,0,1,0
1215,0,1,0,0
3511,0,0,0,1
2126,1,0,0,0
2511,1,0,0,0
1508,0,1,0,0
3376,0,0,0,1
299,0,0,1,0
892,0,1,0,0
533,0,0,1,0
2590,1,0,0,0
1180,0,1,0,0
1655,0,1,0,0
3360,0,0,0,1
2064,1,0,0,0
2048,1,0,0,0
1744,0,1,0,0
3090,0,0,0,1
991,0,1,0,0
3207,0,0,0,1
2998,0,0,0,1
407,0,0,1,0
558,0,0,1,0
2273,1,0,0,0
1621,0,1,0,0
2813,1,0,0,0
2861,0,0,0,1
2155,1,0,0,0
3225,0,0,0,1
2162,1,0,0,0
475,0,0,1,0
2402,1,0,0,0
1344,0,1,0,0
2905,0,0,0,1
1776,0,1,0,0
2045,1,0,0,0
2660,1,0,0,0
1680,0,1,0,0
109,0,0,1,0
2946,0,0,0,1
2820,1,0,0,0
2100,1,0,0,0
2392,1,0,0,0
2673,1,0,0,0
1367,0,1,0,0
2775,1,0,0,0
971,0,1,0,0
3262,0,0,0,1
608,0,0,1,0
3105,0,0,0,1
722,0,0,1,0
2152,1,0,0,0
1456,0,1,0,0
719,0,0,1,0
1789,0,1,0,0
763,0,0,1,0
2120,1,0,0,0
602,0,0,1,0
2996,0,0,0,1
1794,0,1,0,0
2006,1,0,0,0
2694,1,0,0,0
692,0,0,1,0
3239,0,0,0,1
1331,0,1,0,0
3484,0,0,0,1
274,0,0,1,0
1795,0,1,0,0
3277,0,0,0,1
3047,0,0,0,1
1958,0,1,0,0
334,0,0,1,0
3464,0,0,0,1
2855,0,0,0,1
190,0,0,1,0
2541,1,0,0,0
808,0,0,1,0
89,0,0,1,0
579,0,0,1,0
2586,1,0,0,0
423,0,0,1,0
782,0,0,1,0
1188,0,1,0,0
1501,0,1,0,0
2871,0,0,0,1
259,0,0,1,0
2709,1,0,0,0
2594,1,0,0,0
151,0,0,1,0
779,0,0,1,0
964,0,1,0,0
1019,0,1,0,0
1002,0,1,0,0
2711,1,0,0,0
2695,1,0,0,0
2621,1,0,0,0
1946,0,1,0,0
2836,0,0,0,1
341,0,0,1,0
186,0,0,1,0
979,0,1,0,0
1751,0,1,0,0
3413,0,0,0,1
1650,0,1,0,0
3534,0,0,0,1
1715,0,1,0,0
1564,0,1,0,0
2269,1,0,0,0
2841,0,0,0,1
2533,1,0,0,0
2279,1,0,0,0
1747,0,1,0,0
1798,0,1,0,0
1009,0,1,0,0
2936,0,0,0,1
2994,0,0,0,1
2925,0,0,0,1
1945,0,1,0,0
897,0,1,0,0
2577,1,0,0,0
358,0,0,1,0
2481,1,0,0,0
3390,0,0,0,1
3103,0,0,0,1
894,0,1,0,0
2216,1,0,0,0
3576,0,0,0,1
2523,1,0,0,0
1716,0,1,0,0
708,0,0,1,0
3493,0,0,0,1
2228,1,0,0,0
1957,0,1,0,0
1329,0,1,0,0
2675,1,0,0,0
2718,1,0,0,0
170,0,0,1,0
1369,0,1,0,0
3161,0,0,0,1
3568,0,0,0,1
2288,1,0,0,0
3339,0,0,0,1
1980,1,0,0,0
550,0,0,1,0
1967,0,1,0,0
1535,0,1,0,0
3574,0,0,0,1
2864,0,0,0,1
110,0,0,1,0
2827,0,0,0,1
3149,0,0,0,1
2751,1,0,0,0
1516,0,1,0,0
2089,1,0,0,0
930,0,1,0,0
660,0,0,1,0
2237,1,0,0,0
351,0,0,1,0
743,0,0,1,0
626,0,0,1,0
916,0,1,0,0
2915,0,0,0,1
1381,0,1,0,0
0,0,0,1,0
3566,0,0,0,1
995,0,1,0,0
3144,0,0,0,1
1338,0,1,0,0
436,0,0,1,0
2696,1,0,0,0
1184,0,1,0,0
2754,1,0,0,0
1328,0,1,0,0
765,0,0,1,0
691,0,0,1,0
870,0,1,0,0
548,0,0,1,0
805,0,0,1,0
797,0,0,1,0
2331,1,0,0,0
988,0,1,0,0
1421,0,1,0,0
1407,0,1,0,0
1404,0,1,0,0
2644,1,0,0,0
266,0,0,1,0
1565,0,1,0,0
735,0,0,1,0
3121,0,0,0,1
332,0,0,1,0
3404,0,0,0,1
3188,0,0,0,1
3116,0,0,0,1
2169,1,0,0,0
1191,0,1,0,0
2263,1,0,0,0
3536,0,0,0,1
2418,1,0,0,0
3008,0,0,0,1
478,0,0,1,0
2733,1,0,0,0
929,0,1,0,0
850,0,1,0,0
336,0,0,1,0
1081,0,1,0,0
2326,1,0,0,0
2985,0,0,0,1
1332,0,1,0,0
1540,0,1,0,0
1976,1,0,0,0
106,0,0,1,0
1083,0,1,0,0
933,0,1,0,0
806,0,0,1,0
34,0,0,1,0
2929,0,0,0,1
2889,0,0,0,1
2470,1,0,0,0
319,0,0,1,0
1205,0,1,0,0
1770,0,1,0,0
600,0,0,1,0
191,0,0,1,0
2090,1,0,0,0
3060,0,0,0,1
1662,0,1,0,0
3597,0,0,0,1
3558,0,0,0,1
1735,0,1,0,0
2445,1,0,0,0
3302,0,0,0,1
1618,0,1,0,0
281,0,0,1,0
939,0,1,0,0
1568,0,1,0,0
2961,0,0,0,1
2391,1,0,0,0
2414,1,0,0,0
3261,0,0,0,1
872,0,1,0,0
1145,0,1,0,0
2846,0,0,0,1
958,0,1,0,0
3216,0,0,0,1
2810,1,0,0,0
1603,0,1,0,0
931,0,1,0,0
3130,0,0,0,1
693,0,0,1,0
3296,0,0,0,1
871,0,1,0,0
2198,1,0,0,0
3040,0,0,0,1
1862,0,1,0,0
1491,0,1,0,0
3064,0,0,0,1
3136,0,0,0,1
2170,1,0,0,0
1169,0,1,0,0
1901,0,1,0,0
2498,1,0,0,0
2267,1,0,0,0
628,0,0,1,0
3609,0,0,0,1
1105,0,1,0,0
447,0,0,1,0
315,0,0,1,0
1931,0,1,0,0
523,0,0,1,0
789,0,0,1,0
2896,0,0,0,1
3102,0,0,0,1
1347,0,1,0,0
1691,0,1,0,0
2521,1,0,0,0
1431,0,1,0,0
890,0,1,0,0
3588,0,0,0,1
2891,0,0,0,1
425,0,0,1,0
3435,0,0,0,1
2819,1,0,0,0
2202,1,0,0,0
1301,0,1,0,0
1890,0,1,0,0
2286,1,0,0,0
1886,0,1,0,0
738,0,0,1,0
1149,0,1,0,0
2323,1,0,0,0
2897,0,0,0,1
1242,0,1,0,0
1295,0,1,0,0
1936,0,1,0,0
1783,0,1,0,0
656,0,0,1,0
516,0,0,1,0
1503,0,1,0,0
2685,1,0,0,0
974,0,1,0,0
1206,0,1,0,0
2428,1,0,0,0
3219,0,0,0,1
3072,0,0,0,1
733,0,0,1,0
3137,0,0,0,1
426,0,0,1,0
2863,0,0,0,1
403,0,0,1,0
1824,0,1,0,0
3243,0,0,0,1
1475,0,1,0,0
484,0,0,1,0
1514,0,1,0,0
3114,0,0,0,1
1274,0,1,0,0
673,0,0,1,0
1506,0,1,0,0
614,0,0,1,0
869,0,1,0,0
604,0,0,1,0
1394,0,1,0,0
3583,0,0,0,1
610,0,0,1,0
270,0,0,1,0
1471,0,1,0,0
2851,0,0,0,1
2943,0,0,0,1
1481,0,1,0,0
1296,0,1,0,0
2979,0,0,0,1
1201,0,1,0,0
1668,0,1,0,0
224,0,0,1,0
416,0,0,1,0
33,0,0,1,0
3476,0,0,0,1
383,0,0,1,0
1234,0,1,0,0
86,0,0,1,0
208,0,0,1,0
2703,1,0,0,0
3342,0,0,0,1
1599,0,1,0,0
201,0,0,1,0
1993,1,0,0,0
2894,0,0,0,1
3110,0,0,0,1
3094,0,0,0,1
636,0,0,1,0
44,0,0,1,0
121,0,0,1,0
571,0,0,1,0
2298,1,0,0,0
2179,1,0,0,0
2125,1,0,0,0
2582,1,0,0,0
2731,1,0,0,0
1090,0,1,0,0
68,0,0,1,0
42,0,0,1,0
1994,1,0,0,0
912,0,1,0,0
978,0,1,0,0
2014,1,0,0,0
2684,1,0,0,0
83,0,0,1,0
12,0,0,1,0
2231,1,0,0,0
3312,0,0,0,1
2701,1,0,0,0
1277,0,1,0,0
2383,1,0,0,0
1000,0,1,0,0
1148,0,1,0,0
2303,1,0,0,0
241,0,0,1,0
1624,0,1,0,0
2319,1,0,0,0
1838,0,1,0,0
1288,0,1,0,0
856,0,1,0,0
1895,0,1,0,0
1694,0,1,0,0
309,0,0,1,0
1187,0,1,0,0
2029,1,0,0,0
1305,0,1,0,0
2848,0,0,0,1
957,0,1,0,0
2683,1,0,0,0
2160,1,0,0,0
1730,0,1,0,0
1286,0,1,0,0
1658,0,1,0,0
3095,0,0,0,1
1722,0,1,0,0
2407,1,0,0,0
3080,0,0,0,1
2054,1,0,0,0
3457,0,0,0,1
944,0,1,0,0
3041,0,0,0,1
3315,0,0,0,1
3108,0,0,0,1
154,0,0,1,0
1850,0,1,0,0
1998,1,0,0,0
1866,0,1,0,0
921,0,1,0,0
3445,0,0,0,1
1271,0,1,0,0
2606,1,0,0,0
1706,0,1,0,0
333,0,0,1,0
2373,1,0,0,0
262,0,0,1,0
3249,0,0,0,1
2415,1,0,0,0
320,0,0,1,0
498,0,0,1,0
813,0,0,1,0
1536,0,1,0,0
3365,0,0,0,1
2387,1,0,0,0
1778,0,1,0,0
2803,1,0,0,0
2770,1,0,0,0
2174,1,0,0,0
3501,0,0,0,1
1389,0,1,0,0
3220,0,0,0,1
1647,0,1,0,0
2776,1,0,0,0
311,0,0,1,0
959,0,1,0,0
1092,0,1,0,0
2302,1,0,0,0
2299,1,0,0,0
3284,0,0,0,1
23,0,0,1,0
1486,0,1,0,0
1666,0,1,0,0
3075,0,0,0,1
882,0,1,0,0
714,0,0,1,0
2914,0,0,0,1
263,0,0,1,0
1428,0,1,0,0
384,0,0,1,0
2188,1,0,0,0
3250,0,0,0,1
1005,0,1,0,0
3454,0,0,0,1
2678,1,0,0,0
823,0,1,0,0
2597,1,0,0,0
1284,0,1,0,0
1479,0,1,0,0
2632,1,0,0,0
1768,0,1,0,0
928,0,1,0,0
258,0,0,1,0
800,0,0,1,0
494,0,0,1,0
817,0,0,1,0
368,0,0,1,0
1739,0,1,0,0
2933,0,0,0,1
918,0,1,0,0
66,0,0,1,0
3382,0,0,0,1
2254,1,0,0,0
816,0,0,1,0
954,0,1,0,0
417,0,0,1,0
2785,1,0,0,0
961,0,1,0,0
2396,1,0,0,0
3394,0,0,0,1
811,0,0,1,0
780,0,0,1,0
3229,0,0,0,1
588,0,0,1,0
654,0,0,1,0
1099,0,1,0,0
2349,1,0,0,0
860,0,1,0,0
677,0,0,1,0
1172,0,1,0,0
120,0,0,1,0
2876,0,0,0,1
1443,0,1,0,0
854,0,1,0,0
617,0,0,1,0
2528,1,0,0,0
1161,0,1,0,0
457,0,0,1,0
1651,0,1,0,0
1937,0,1,0,0
1195,0,1,0,0
2633,1,0,0,0
167,0,0,1,0
3571,0,0,0,1
1499,0,1,0,0
3326,0,0,0,1
1474,0,1,0,0
265,0,0,1,0
1008,0,1,0,0
3271,0,0,0,1
1399,0,1,0,0
690,0,0,1,0
703,0,0,1,0
3099,0,0,0,1
1909,0,1,0,0
3037,0,0,0,1
1940,0,1,0,0
306,0,0,1,0
2705,1,0,0,0
1473,0,1,0,0
3528,0,0,0,1
664,0,0,1,0
1267,0,1,0,0
168,0,0,1,0
3167,0,0,0,1
2003,1,0,0,0
1544,0,1,0,0
2746,1,0,0,0
1497,0,1,0,0
