,pred,anger,fear,joy,sadness
2729,anger,0.88,0.15,0.28,0.44
3359,sadness,0.33,0.47,0.2,0.85
2614,anger,0.98,0.03,0.22,0.21
2209,anger,0.95,0.09,0.2,0.37
520,joy,0.09,0.66,0.98,0.18
79,joy,0.05,0.62,1.0,0.08
1883,fear,0.15,0.92,0.67,0.46
1799,fear,0.04,0.99,0.54,0.54
949,fear,0.02,0.99,0.66,0.63
2251,anger,0.85,0.19,0.26,0.51
1380,fear,0.02,1.0,0.42,0.69
2623,anger,0.95,0.07,0.19,0.45
2913,sadness,0.5,0.4,0.22,0.8
391,joy,0.07,0.72,0.99,0.15
465,joy,0.03,0.48,1.0,0.02
2828,sadness,0.34,0.49,0.22,0.81
1709,fear,0.02,1.0,0.71,0.51
706,joy,0.09,0.55,0.99,0.08
1643,fear,0.02,1.0,0.77,0.41
1689,fear,0.03,0.99,0.77,0.43
3300,sadness,0.45,0.37,0.11,0.88
3215,sadness,0.38,0.51,0.14,0.86
472,joy,0.02,0.46,1.0,0.05
2549,anger,0.99,0.02,0.16,0.34
669,joy,0.12,0.42,0.99,0.09
3525,sadness,0.21,0.53,0.09,0.94
852,fear,0.06,0.98,0.73,0.4
1319,fear,0.21,0.84,0.6,0.52
129,joy,0.24,0.54,0.79,0.52
2790,anger,0.76,0.25,0.36,0.5
3590,sadness,0.35,0.43,0.18,0.84
586,joy,0.21,0.33,0.97,0.15
323,joy,0.16,0.19,0.99,0.08
3353,sadness,0.17,0.55,0.04,0.96
141,joy,0.39,0.32,0.87,0.23
3333,sadness,0.34,0.42,0.13,0.89
3485,sadness,0.36,0.44,0.21,0.88
2769,anger,0.93,0.1,0.23,0.45
2804,anger,0.88,0.15,0.16,0.64
613,joy,0.04,0.48,1.0,0.03
2648,anger,0.93,0.15,0.17,0.43
3430,sadness,0.36,0.42,0.13,0.88
1334,fear,0.11,0.96,0.51,0.53
1861,fear,0.03,0.99,0.68,0.54
898,fear,0.14,0.92,0.54,0.57
1211,fear,0.08,0.96,0.69,0.48
737,joy,0.17,0.45,0.97,0.12
256,joy,0.11,0.64,0.98,0.17
1213,fear,0.06,0.98,0.63,0.51
541,joy,0.15,0.49,0.98,0.11
3068,sadness,0.5,0.42,0.29,0.74
2965,sadness,0.51,0.36,0.17,0.85
2444,anger,0.98,0.04,0.14,0.42
93,joy,0.08,0.28,1.0,0.03
1975,anger,0.87,0.15,0.31,0.46
96,joy,0.02,0.92,1.0,0.11
1462,fear,0.24,0.89,0.55,0.43
1720,fear,0.08,0.97,0.78,0.38
2496,anger,0.95,0.06,0.26,0.36
2495,anger,0.86,0.17,0.27,0.5
139,joy,0.2,0.63,0.92,0.22
3612,sadness,0.4,0.31,0.09,0.95
3459,sadness,0.24,0.56,0.11,0.92
970,fear,0.16,0.82,0.3,0.77
3372,sadness,0.5,0.41,0.26,0.77
3001,sadness,0.45,0.35,0.13,0.9
710,joy,0.08,0.44,1.0,0.04
868,fear,0.03,0.99,0.67,0.5
1250,fear,0.05,0.99,0.73,0.43
1025,fear,0.03,0.99,0.78,0.4
2471,sadness,0.75,0.23,0.13,0.81
1239,fear,0.01,1.0,0.74,0.47
2479,anger,0.88,0.14,0.3,0.44
247,joy,0.11,0.36,0.99,0.07
196,joy,0.07,0.24,1.0,0.03
1351,fear,0.08,0.98,0.41,0.62
1653,fear,0.01,1.0,0.77,0.44
2677,anger,0.89,0.15,0.24,0.48
1530,fear,0.01,1.0,0.74,0.45
385,joy,0.06,0.57,1.0,0.08
900,fear,0.05,0.99,0.62,0.5
2265,anger,0.99,0.02,0.12,0.4
1930,fear,0.21,0.88,0.55,0.49
2619,anger,0.94,0.08,0.24,0.43
561,joy,0.05,0.36,1.0,0.04
1157,fear,0.25,0.85,0.54,0.5
3124,sadness,0.55,0.31,0.08,0.91
2238,anger,0.8,0.22,0.36,0.46
862,fear,0.23,0.86,0.51,0.52
3153,sadness,0.13,0.75,0.12,0.91
3556,sadness,0.5,0.31,0.53,0.71
2928,sadness,0.43,0.45,0.25,0.74
1932,fear,0.01,1.0,0.64,0.6
1773,fear,0.09,0.96,0.48,0.62
1181,fear,0.14,0.91,0.76,0.4
2616,anger,0.92,0.1,0.32,0.35
2297,anger,0.88,0.14,0.31,0.45
1813,fear,0.02,1.0,0.59,0.54
1236,fear,0.18,0.89,0.53,0.54
723,joy,0.14,0.67,0.96,0.16
3344,sadness,0.54,0.36,0.23,0.78
877,fear,0.21,0.88,0.43,0.59
2907,sadness,0.43,0.44,0.2,0.78
2958,sadness,0.62,0.3,0.16,0.81
1674,fear,0.02,1.0,0.75,0.45
2643,anger,0.9,0.15,0.24,0.44
3143,sadness,0.54,0.31,0.14,0.89
2750,anger,0.84,0.19,0.31,0.48
1625,fear,0.15,0.94,0.34,0.63
3328,sadness,0.51,0.33,0.14,0.88
2909,sadness,0.46,0.39,0.21,0.82
2284,anger,0.95,0.08,0.21,0.37
3378,sadness,0.24,0.54,0.09,0.93
3024,sadness,0.24,0.63,0.12,0.87
2336,anger,0.91,0.12,0.25,0.43
2071,anger,0.94,0.08,0.22,0.38
1155,fear,0.05,0.98,0.77,0.41
1176,fear,0.07,0.98,0.72,0.42
2255,anger,0.82,0.21,0.34,0.48
1308,fear,0.04,0.99,0.61,0.48
2008,anger,0.95,0.06,0.26,0.36
2535,anger,0.87,0.16,0.28,0.45
3058,anger,0.82,0.17,0.18,0.72
1852,fear,0.06,0.98,0.6,0.54
577,joy,0.08,0.52,0.99,0.09
1444,fear,0.09,0.96,0.29,0.72
1576,fear,0.02,1.0,0.64,0.53
339,joy,0.06,0.3,1.0,0.04
1805,fear,0.15,0.96,0.56,0.41
1526,fear,0.06,0.91,0.22,0.89
1001,fear,0.05,0.97,0.78,0.52
2722,anger,0.86,0.16,0.19,0.61
2603,anger,0.83,0.17,0.38,0.42
3366,sadness,0.39,0.52,0.3,0.76
2101,anger,0.99,0.02,0.1,0.44
960,fear,0.01,1.0,0.82,0.39
1458,fear,0.17,0.91,0.53,0.53
3056,sadness,0.52,0.39,0.16,0.81
655,joy,0.12,0.5,0.98,0.16
2868,sadness,0.34,0.47,0.08,0.9
1857,fear,0.17,0.87,0.33,0.69
1549,fear,0.38,0.72,0.5,0.48
1233,fear,0.06,0.96,0.69,0.57
1228,fear,0.22,0.9,0.53,0.47
2527,anger,0.9,0.15,0.22,0.44
2,joy,0.14,0.7,0.94,0.21
2763,anger,0.96,0.05,0.25,0.38
2258,anger,0.96,0.05,0.28,0.33
3309,sadness,0.42,0.34,0.06,0.94
857,fear,0.06,0.98,0.67,0.49
2741,anger,0.91,0.11,0.25,0.48
2727,anger,0.95,0.04,0.37,0.32
445,joy,0.35,0.47,0.81,0.33
589,joy,0.03,0.57,1.0,0.04
3015,sadness,0.51,0.38,0.17,0.84
3470,sadness,0.27,0.5,0.16,0.89
861,fear,0.01,1.0,0.71,0.49
2964,sadness,0.38,0.35,0.06,0.94
253,joy,0.06,0.54,1.0,0.06
1345,fear,0.21,0.92,0.39,0.57
132,joy,0.1,0.38,0.99,0.07
1016,fear,0.21,0.94,0.47,0.42
1004,fear,0.05,0.99,0.7,0.43
2115,anger,0.92,0.1,0.26,0.43
364,joy,0.06,0.41,1.0,0.07
1578,fear,0.02,1.0,0.72,0.43
2796,anger,0.84,0.19,0.3,0.48
414,joy,0.1,0.74,0.95,0.33
2469,anger,0.93,0.11,0.19,0.41
1124,fear,0.02,1.0,0.79,0.41
1787,fear,0.08,0.95,0.44,0.7
2053,anger,0.95,0.07,0.2,0.44
2018,anger,0.98,0.04,0.13,0.43
3179,sadness,0.39,0.44,0.23,0.82
3177,sadness,0.45,0.34,0.13,0.91
3323,sadness,0.42,0.39,0.15,0.86
233,joy,0.4,0.31,0.89,0.2
825,fear,0.15,0.89,0.5,0.6
1055,fear,0.01,1.0,0.8,0.43
137,joy,0.06,0.35,1.0,0.06
476,joy,0.11,0.67,0.96,0.3
2138,anger,0.86,0.16,0.33,0.41
1235,fear,0.02,1.0,0.67,0.47
3293,sadness,0.44,0.43,0.27,0.77
3208,sadness,0.31,0.67,0.28,0.76
1455,fear,0.06,0.98,0.45,0.65
3200,sadness,0.59,0.37,0.24,0.73
2175,anger,0.98,0.03,0.19,0.36
432,joy,0.02,0.71,1.0,0.07
3139,sadness,0.26,0.66,0.24,0.83
3307,sadness,0.18,0.65,0.19,0.88
555,joy,0.03,0.48,1.0,0.02
1182,fear,0.09,0.95,0.55,0.62
1007,fear,0.01,1.0,0.78,0.42
2980,sadness,0.43,0.42,0.19,0.8
2412,anger,0.96,0.08,0.18,0.34
2816,anger,0.58,0.43,0.44,0.51
1321,fear,0.21,0.9,0.6,0.45
3202,sadness,0.44,0.45,0.3,0.73
1454,fear,0.01,1.0,0.78,0.44
2587,anger,0.96,0.06,0.19,0.44
419,joy,0.05,0.61,0.99,0.14
1496,fear,0.18,0.92,0.58,0.46
3539,sadness,0.26,0.55,0.21,0.85
3004,sadness,0.39,0.46,0.1,0.88
2300,anger,0.94,0.08,0.23,0.43
683,joy,0.03,0.8,1.0,0.07
184,joy,0.04,0.4,1.0,0.03
2340,anger,0.98,0.03,0.16,0.38
3434,sadness,0.38,0.44,0.18,0.85
397,joy,0.03,0.48,1.0,0.02
718,joy,0.08,0.44,0.99,0.09
3304,sadness,0.44,0.35,0.1,0.9
212,joy,0.08,0.48,1.0,0.04
2658,anger,0.7,0.34,0.37,0.5
1438,fear,0.04,1.0,0.62,0.42
3062,sadness,0.64,0.29,0.17,0.83
205,joy,0.4,0.51,0.7,0.39
2123,anger,0.9,0.15,0.24,0.46
1260,fear,0.02,1.0,0.71,0.41
1282,fear,0.1,0.95,0.76,0.44
1220,fear,0.22,0.83,0.48,0.6
2532,anger,0.96,0.05,0.36,0.23
1870,anger,0.58,0.46,0.49,0.43
1315,fear,0.25,0.83,0.55,0.51
886,fear,0.04,0.99,0.76,0.42
1500,fear,0.19,0.91,0.6,0.47
1386,fear,0.06,0.99,0.71,0.43
887,fear,0.1,0.95,0.5,0.58
1493,fear,0.12,0.98,0.39,0.52
2719,anger,0.84,0.21,0.23,0.56
267,joy,0.26,0.35,0.95,0.18
389,joy,0.05,0.68,0.99,0.08
1075,fear,0.03,0.99,0.77,0.4
2554,anger,0.96,0.07,0.18,0.39
3469,sadness,0.43,0.42,0.22,0.79
873,fear,0.12,0.93,0.71,0.48
2543,anger,0.74,0.28,0.29,0.59
1232,fear,0.11,0.96,0.57,0.52
567,joy,0.24,0.41,0.96,0.14
305,joy,0.04,0.55,1.0,0.05
651,joy,0.29,0.32,0.97,0.1
2106,anger,0.98,0.03,0.14,0.27
2655,anger,0.97,0.04,0.17,0.42
1669,fear,0.1,0.97,0.54,0.53
179,joy,0.03,0.6,1.0,0.03
2551,anger,0.88,0.18,0.25,0.44
612,joy,0.08,0.48,0.99,0.08
175,joy,0.11,0.41,0.99,0.06
1244,fear,0.18,0.9,0.49,0.55
25,joy,0.11,0.37,0.99,0.1
1623,fear,0.01,1.0,0.78,0.44
3455,sadness,0.53,0.36,0.19,0.81
837,fear,0.05,0.99,0.72,0.44
1905,fear,0.05,0.99,0.61,0.45
3456,sadness,0.29,0.51,0.08,0.93
3129,sadness,0.42,0.41,0.16,0.85
3088,sadness,0.51,0.36,0.18,0.83
165,joy,0.11,0.64,0.98,0.14
2969,sadness,0.48,0.36,0.19,0.85
1419,fear,0.14,0.93,0.48,0.56
566,joy,0.05,0.72,0.99,0.12
1285,fear,0.04,0.99,0.64,0.52
1804,fear,0.35,0.71,0.53,0.5
1273,fear,0.01,1.0,0.75,0.49
2699,anger,0.89,0.14,0.29,0.45
1717,fear,0.05,0.99,0.56,0.57
2129,anger,0.91,0.11,0.28,0.45
615,joy,0.07,0.5,1.0,0.06
1637,fear,0.14,0.9,0.35,0.69
2505,anger,0.97,0.06,0.17,0.33
2674,anger,0.95,0.06,0.29,0.32
2888,sadness,0.35,0.42,0.12,0.91
213,joy,0.06,0.59,0.99,0.11
2019,anger,0.84,0.16,0.36,0.42
2647,anger,0.81,0.19,0.23,0.62
2593,anger,0.89,0.14,0.25,0.47
3039,sadness,0.46,0.43,0.14,0.85
1424,fear,0.07,0.96,0.85,0.37
1272,fear,0.01,1.0,0.76,0.46
3303,sadness,0.22,0.58,0.12,0.91
63,joy,0.13,0.39,0.99,0.08
1118,fear,0.01,1.0,0.75,0.47
395,joy,0.22,0.23,0.99,0.05
3407,sadness,0.49,0.33,0.15,0.88
3223,sadness,0.28,0.44,0.05,0.95
158,joy,0.17,0.42,0.98,0.09
310,joy,0.19,0.45,0.97,0.13
2693,anger,0.87,0.19,0.26,0.44
2739,anger,0.89,0.16,0.26,0.41
1941,fear,0.24,0.84,0.59,0.48
1258,fear,0.08,0.96,0.5,0.61
2866,sadness,0.18,0.7,0.11,0.9
2989,fear,0.03,0.99,0.46,0.67
2638,anger,0.94,0.07,0.22,0.42
530,joy,0.18,0.53,0.96,0.16
758,joy,0.2,0.5,0.96,0.16
2091,anger,0.93,0.11,0.21,0.43
1505,fear,0.12,0.92,0.5,0.63
1692,fear,0.29,0.86,0.44,0.49
3079,sadness,0.54,0.37,0.17,0.85
584,joy,0.17,0.39,0.98,0.1
2843,sadness,0.44,0.49,0.17,0.82
2960,sadness,0.48,0.41,0.24,0.75
1020,fear,0.08,0.96,0.53,0.61
1164,fear,0.08,0.98,0.62,0.47
2114,anger,0.95,0.11,0.2,0.32
2005,anger,0.97,0.04,0.19,0.38
1063,fear,0.04,0.99,0.73,0.43
159,joy,0.07,0.83,0.96,0.22
2431,anger,0.96,0.05,0.2,0.4
791,joy,0.16,0.65,0.93,0.3
487,joy,0.11,0.51,0.99,0.09
1269,fear,0.12,0.98,0.56,0.35
1676,fear,0.13,0.94,0.59,0.52
1801,fear,0.22,0.84,0.55,0.52
3086,sadness,0.47,0.33,0.12,0.91
222,joy,0.04,0.44,1.0,0.06
1375,fear,0.02,1.0,0.61,0.5
824,fear,0.09,0.98,0.69,0.37
418,joy,0.2,0.44,0.98,0.09
1968,fear,0.16,0.9,0.58,0.52
353,joy,0.03,0.48,1.0,0.02
2560,anger,0.77,0.24,0.37,0.5
3392,sadness,0.47,0.36,0.16,0.87
3444,sadness,0.18,0.74,0.28,0.79
2742,anger,0.86,0.14,0.36,0.43
972,fear,0.01,1.0,0.74,0.42
174,joy,0.06,0.29,1.0,0.03
1396,fear,0.05,0.99,0.7,0.4
2926,sadness,0.28,0.54,0.18,0.88
2540,anger,0.98,0.03,0.21,0.22
2738,anger,0.85,0.19,0.29,0.47
3232,sadness,0.49,0.37,0.05,0.91
2468,anger,0.97,0.04,0.18,0.41
1502,fear,0.01,1.0,0.76,0.49
3570,sadness,0.47,0.4,0.37,0.76
3288,sadness,0.14,0.73,0.24,0.86
2426,anger,0.97,0.06,0.17,0.38
2642,anger,0.83,0.19,0.29,0.52
3475,sadness,0.36,0.42,0.15,0.86
986,fear,0.11,0.96,0.59,0.47
751,joy,0.07,0.35,1.0,0.04
1810,fear,0.19,0.91,0.56,0.5
2670,anger,0.93,0.08,0.28,0.41
2137,anger,0.98,0.03,0.14,0.36
2034,anger,0.93,0.09,0.23,0.41
1121,fear,0.12,0.95,0.53,0.53
1107,fear,0.05,0.99,0.71,0.43
269,joy,0.48,0.44,0.66,0.38
2662,anger,0.93,0.1,0.22,0.39
775,joy,0.07,0.76,0.98,0.12
2922,sadness,0.45,0.47,0.34,0.7
2573,anger,0.85,0.15,0.12,0.75
508,joy,0.11,0.69,0.96,0.22
2204,anger,0.81,0.23,0.31,0.48
1800,fear,0.05,0.99,0.61,0.41
365,joy,0.4,0.48,0.71,0.41
2189,anger,0.9,0.1,0.33,0.41
2950,sadness,0.42,0.44,0.25,0.79
1477,fear,0.16,0.93,0.66,0.42
3204,sadness,0.48,0.3,0.1,0.92
906,fear,0.09,0.97,0.7,0.44
328,joy,0.4,0.39,0.81,0.3
1863,fear,0.13,0.96,0.6,0.41
1955,fear,0.03,0.99,0.6,0.57
1171,fear,0.02,0.99,0.8,0.54
443,joy,0.03,0.53,1.0,0.05
1150,fear,0.07,0.97,0.81,0.39
1127,fear,0.15,0.94,0.61,0.45
2478,anger,0.88,0.15,0.28,0.45
3151,sadness,0.49,0.35,0.09,0.89
2990,sadness,0.41,0.44,0.23,0.82
2295,anger,0.97,0.05,0.17,0.41
582,joy,0.23,0.57,0.9,0.29
3467,sadness,0.49,0.4,0.24,0.77
1012,sadness,0.15,0.7,0.09,0.9
2432,anger,0.87,0.12,0.46,0.34
2226,anger,0.97,0.05,0.11,0.55
745,joy,0.15,0.49,0.97,0.16
2151,anger,0.95,0.06,0.22,0.4
2472,anger,0.95,0.04,0.37,0.28
452,joy,0.07,0.57,0.99,0.06
1189,fear,0.2,0.89,0.6,0.46
975,fear,0.02,1.0,0.68,0.47
865,fear,0.06,0.99,0.49,0.56
1044,fear,0.16,0.92,0.59,0.5
1420,fear,0.01,1.0,0.8,0.43
3466,sadness,0.54,0.38,0.26,0.74
2316,anger,0.97,0.04,0.18,0.41
1645,fear,0.03,1.0,0.59,0.55
2956,sadness,0.43,0.46,0.29,0.73
24,joy,0.13,0.64,0.97,0.13
716,joy,0.21,0.45,0.96,0.15
1388,fear,0.09,0.96,0.55,0.54
2172,anger,0.95,0.08,0.21,0.42
435,joy,0.09,0.56,0.98,0.22
1341,sadness,0.21,0.66,0.15,0.86
1423,fear,0.02,1.0,0.63,0.54
1822,fear,0.08,0.97,0.61,0.48
1072,fear,0.06,0.98,0.65,0.47
2378,anger,0.89,0.14,0.26,0.49
1539,fear,0.06,0.99,0.53,0.53
1949,fear,0.17,0.91,0.66,0.45
1465,fear,0.09,0.95,0.7,0.48
194,joy,0.21,0.44,0.97,0.1
547,joy,0.08,0.55,0.99,0.09
1572,fear,0.21,0.88,0.61,0.46
1826,fear,0.02,1.0,0.7,0.46
3393,sadness,0.4,0.41,0.16,0.84
412,joy,0.02,0.84,1.0,0.08
3349,sadness,0.49,0.4,0.21,0.8
1738,fear,0.11,0.97,0.54,0.48
1844,fear,0.27,0.76,0.6,0.53
1230,fear,0.08,0.99,0.62,0.33
1358,fear,0.2,0.89,0.61,0.46
181,joy,0.16,0.48,0.99,0.07
2419,anger,0.98,0.03,0.24,0.26
2142,anger,0.99,0.02,0.12,0.37
3419,sadness,0.63,0.32,0.19,0.77
3598,sadness,0.41,0.38,0.13,0.91
1384,fear,0.06,0.98,0.66,0.52
562,joy,0.06,0.55,1.0,0.09
3148,sadness,0.39,0.51,0.14,0.83
769,joy,0.04,0.69,1.0,0.07
1898,fear,0.29,0.76,0.54,0.54
786,joy,0.09,0.51,0.99,0.08
1746,fear,0.04,0.98,0.8,0.45
2262,anger,0.94,0.08,0.24,0.41
3146,sadness,0.16,0.72,0.1,0.9
836,fear,0.01,1.0,0.66,0.49
2759,anger,0.96,0.06,0.21,0.41
3221,sadness,0.38,0.41,0.17,0.87
1173,fear,0.07,0.98,0.72,0.41
513,joy,0.04,0.33,1.0,0.02
2706,anger,0.98,0.03,0.24,0.21
1725,fear,0.07,0.98,0.72,0.43
2248,anger,0.86,0.17,0.33,0.43
3600,sadness,0.28,0.42,0.08,0.94
792,joy,0.1,0.58,0.98,0.15
3524,sadness,0.37,0.36,0.04,0.95
2063,anger,0.86,0.13,0.4,0.41
2400,anger,0.91,0.12,0.25,0.45
3498,sadness,0.41,0.43,0.25,0.82
1125,fear,0.14,0.89,0.64,0.54
2173,anger,0.98,0.06,0.14,0.31
1567,sadness,0.14,0.67,0.07,0.93
2749,anger,0.96,0.06,0.19,0.45
1483,anger,0.93,0.18,0.18,0.38
3330,anger,0.82,0.21,0.17,0.63
105,joy,0.04,0.48,1.0,0.04
1818,fear,0.07,0.98,0.41,0.58
1912,fear,0.26,0.82,0.6,0.47
554,joy,0.02,0.8,1.0,0.03
754,joy,0.07,0.62,0.99,0.08
2865,sadness,0.49,0.42,0.23,0.76
880,fear,0.03,0.99,0.51,0.66
1887,fear,0.19,0.95,0.61,0.33
3403,sadness,0.56,0.33,0.17,0.85
28,joy,0.19,0.28,0.98,0.11
1758,fear,0.21,0.88,0.53,0.52
2853,sadness,0.3,0.38,0.08,0.94
3596,sadness,0.31,0.5,0.16,0.87
2013,anger,0.94,0.07,0.07,0.74
462,joy,0.14,0.37,0.99,0.08
77,joy,0.14,0.57,0.97,0.15
2200,anger,0.81,0.2,0.37,0.47
2710,anger,0.95,0.05,0.35,0.24
1135,fear,0.03,0.99,0.55,0.62
312,joy,0.16,0.51,0.97,0.12
140,joy,0.06,0.62,0.99,0.12
2036,anger,0.84,0.2,0.32,0.43
712,joy,0.2,0.49,0.97,0.13
834,fear,0.04,0.99,0.64,0.5
2814,anger,0.92,0.05,0.47,0.3
1558,fear,0.06,0.98,0.64,0.5
301,joy,0.02,0.5,1.0,0.01
1226,sadness,0.22,0.67,0.35,0.77
866,fear,0.18,0.9,0.61,0.5
3154,sadness,0.33,0.5,0.42,0.82
770,joy,0.2,0.39,0.97,0.14
1971,anger,0.96,0.06,0.16,0.45
366,joy,0.11,0.44,0.99,0.06
2840,sadness,0.36,0.53,0.32,0.72
2027,anger,0.85,0.18,0.23,0.56
1461,fear,0.02,1.0,0.82,0.42
670,joy,0.02,0.5,1.0,0.01
2041,anger,0.95,0.09,0.15,0.44
3535,sadness,0.38,0.47,0.17,0.81
1318,fear,0.02,1.0,0.64,0.49
1346,fear,0.21,0.79,0.49,0.62
119,joy,0.03,0.68,1.0,0.07
143,joy,0.08,0.48,1.0,0.03
993,fear,0.03,0.99,0.53,0.6
529,joy,0.02,0.67,1.0,0.03
345,joy,0.04,0.68,1.0,0.08
2542,anger,0.89,0.13,0.28,0.45
3184,sadness,0.4,0.4,0.14,0.88
1225,fear,0.06,0.98,0.55,0.58
404,joy,0.2,0.4,0.97,0.13
3468,sadness,0.38,0.41,0.13,0.88
2688,anger,0.98,0.03,0.15,0.39
1921,fear,0.3,0.81,0.64,0.35
3318,sadness,0.37,0.41,0.16,0.86
2159,anger,0.83,0.23,0.29,0.47
1348,fear,0.12,0.84,0.31,0.8
518,joy,0.07,0.55,1.0,0.06
2492,anger,0.79,0.23,0.35,0.49
203,joy,0.05,0.58,1.0,0.08
799,joy,0.12,0.54,0.98,0.11
2789,anger,0.96,0.04,0.42,0.21
3031,sadness,0.57,0.33,0.14,0.88
3070,sadness,0.34,0.51,0.19,0.82
1217,fear,0.03,0.99,0.71,0.53
1988,anger,0.96,0.07,0.19,0.38
1371,fear,0.11,0.96,0.61,0.47
3189,sadness,0.57,0.3,0.15,0.85
1702,fear,0.3,0.77,0.49,0.54
1693,fear,0.04,0.99,0.58,0.59
675,joy,0.06,0.55,1.0,0.07
725,joy,0.05,0.48,1.0,0.06
14,joy,0.12,0.53,0.97,0.22
1252,fear,0.04,0.99,0.6,0.51
3516,sadness,0.37,0.38,0.11,0.92
3050,sadness,0.37,0.36,0.06,0.94
1015,fear,0.01,1.0,0.78,0.44
3178,sadness,0.38,0.44,0.16,0.83
1060,fear,0.05,0.99,0.46,0.6
2487,anger,0.9,0.2,0.23,0.39
3481,sadness,0.55,0.44,0.38,0.61
3194,sadness,0.43,0.36,0.06,0.91
831,fear,0.0,1.0,0.86,0.42
495,joy,0.14,0.55,0.97,0.17
2978,sadness,0.31,0.35,0.05,0.95
2526,anger,0.95,0.09,0.19,0.38
3259,sadness,0.26,0.51,0.13,0.89
1990,anger,0.92,0.1,0.27,0.42
1360,fear,0.06,0.99,0.69,0.41
1412,fear,0.02,1.0,0.71,0.52
1875,fear,0.14,0.92,0.54,0.55
2032,anger,0.78,0.26,0.32,0.47
3573,sadness,0.31,0.56,0.17,0.82
1108,fear,0.11,0.96,0.63,0.47
3443,sadness,0.42,0.42,0.21,0.81
1665,fear,0.03,0.99,0.65,0.54
27,joy,0.06,0.54,0.99,0.09
2898,sadness,0.39,0.41,0.19,0.85
3316,sadness,0.58,0.26,0.11,0.92
629,joy,0.07,0.65,0.99,0.08
2757,anger,0.93,0.08,0.27,0.4
434,joy,0.22,0.23,0.99,0.07
2652,anger,0.81,0.25,0.32,0.44
2919,sadness,0.61,0.28,0.1,0.89
2351,anger,0.77,0.25,0.28,0.57
3032,sadness,0.54,0.3,0.13,0.89
907,fear,0.0,1.0,0.84,0.43
1741,fear,0.23,0.82,0.51,0.55
2187,anger,0.98,0.04,0.16,0.35
1416,fear,0.43,0.62,0.49,0.5
393,joy,0.16,0.45,0.98,0.16
2280,anger,0.94,0.1,0.19,0.4
3120,sadness,0.25,0.49,0.15,0.92
1781,fear,0.14,0.9,0.6,0.55
2510,anger,0.99,0.02,0.11,0.37
895,fear,0.0,1.0,0.81,0.44
2591,anger,0.82,0.22,0.29,0.5
1289,fear,0.17,0.91,0.53,0.53
1815,fear,0.03,0.98,0.86,0.44
1254,fear,0.15,0.92,0.62,0.49
1073,fear,0.22,0.88,0.42,0.57
1451,fear,0.18,0.9,0.58,0.49
2940,sadness,0.22,0.51,0.09,0.94
144,joy,0.09,0.46,0.99,0.05
2044,anger,0.85,0.22,0.33,0.38
2691,anger,0.92,0.12,0.22,0.4
2716,sadness,0.62,0.36,0.2,0.76
1087,fear,0.11,0.97,0.62,0.45
2686,anger,0.97,0.05,0.14,0.39
2672,anger,0.86,0.18,0.27,0.46
3569,sadness,0.45,0.42,0.23,0.78
45,joy,0.03,0.47,1.0,0.02
992,fear,0.07,0.99,0.46,0.57
2429,anger,0.97,0.05,0.12,0.49
3450,sadness,0.44,0.45,0.35,0.76
3122,sadness,0.45,0.36,0.14,0.89
3190,sadness,0.36,0.4,0.11,0.89
3317,sadness,0.26,0.49,0.06,0.94
889,fear,0.07,0.98,0.66,0.48
3276,sadness,0.49,0.39,0.27,0.79
2562,anger,0.89,0.14,0.3,0.45
645,joy,0.16,0.37,0.99,0.07
214,joy,0.23,0.49,0.95,0.14
760,joy,0.24,0.28,0.97,0.18
1126,fear,0.17,0.92,0.57,0.49
2824,anger,0.75,0.29,0.36,0.46
2860,sadness,0.31,0.54,0.19,0.85
1027,fear,0.02,1.0,0.73,0.5
1561,fear,0.08,0.95,0.53,0.66
2700,anger,0.9,0.15,0.17,0.53
3377,sadness,0.43,0.26,0.04,0.97
2213,anger,0.97,0.03,0.21,0.33
1138,fear,0.02,0.99,0.82,0.46
98,joy,0.24,0.46,0.95,0.2
1408,fear,0.19,0.92,0.59,0.43
422,joy,0.02,0.5,1.0,0.01
1874,fear,0.06,0.98,0.53,0.56
532,joy,0.08,0.33,1.0,0.05
3375,sadness,0.36,0.49,0.18,0.83
1548,fear,0.26,0.82,0.55,0.51
1771,sadness,0.31,0.65,0.38,0.67
3306,sadness,0.33,0.37,0.08,0.95
2767,anger,0.97,0.05,0.18,0.42
3266,sadness,0.38,0.52,0.21,0.78
814,fear,0.03,0.97,0.97,0.15
1718,fear,0.07,0.97,0.61,0.55
3074,sadness,0.56,0.28,0.1,0.9
2659,anger,0.86,0.16,0.3,0.47
3111,sadness,0.42,0.44,0.26,0.77
592,joy,0.18,0.56,0.96,0.15
941,fear,0.08,0.96,0.65,0.52
3340,sadness,0.46,0.35,0.13,0.89
2171,anger,0.93,0.11,0.29,0.3
1364,fear,0.1,0.97,0.58,0.49
1436,fear,0.17,0.88,0.6,0.52
1120,fear,0.01,1.0,0.76,0.48
2596,anger,0.97,0.04,0.17,0.38
1552,fear,0.35,0.73,0.38,0.59
545,joy,0.31,0.52,0.85,0.31
290,joy,0.17,0.44,0.97,0.14
182,joy,0.05,0.61,1.0,0.08
766,joy,0.04,0.53,1.0,0.04
526,joy,0.23,0.58,0.93,0.24
128,joy,0.07,0.44,0.99,0.11
330,joy,0.32,0.55,0.82,0.31
1193,fear,0.03,0.99,0.64,0.5
260,joy,0.18,0.6,0.93,0.24
1521,fear,0.1,0.92,0.55,0.63
398,joy,0.03,0.48,1.0,0.02
3301,sadness,0.47,0.39,0.15,0.83
3270,sadness,0.45,0.41,0.18,0.81
303,joy,0.03,0.58,1.0,0.04
3562,sadness,0.46,0.4,0.14,0.87
968,fear,0.07,0.98,0.59,0.53
2272,anger,0.95,0.06,0.22,0.42
2859,sadness,0.37,0.38,0.1,0.92
2306,anger,0.95,0.05,0.24,0.34
2756,anger,0.92,0.1,0.35,0.3
3065,sadness,0.12,0.78,0.2,0.86
1071,fear,0.02,1.0,0.61,0.54
2446,anger,0.97,0.05,0.17,0.4
2147,anger,0.98,0.03,0.14,0.41
522,joy,0.21,0.41,0.97,0.16
2488,anger,0.96,0.04,0.32,0.33
3472,sadness,0.44,0.39,0.1,0.92
659,joy,0.15,0.37,0.98,0.13
3580,sadness,0.33,0.35,0.06,0.95
94,joy,0.11,0.57,0.98,0.12
283,joy,0.12,0.46,0.99,0.09
216,joy,0.05,0.55,1.0,0.05
3526,sadness,0.35,0.41,0.07,0.93
1917,fear,0.02,1.0,0.83,0.41
946,fear,0.07,0.98,0.62,0.49
1047,fear,0.01,1.0,0.78,0.46
585,joy,0.1,0.59,0.99,0.07
2449,anger,0.94,0.08,0.19,0.44
3418,sadness,0.29,0.52,0.19,0.85
1311,fear,0.03,0.98,0.32,0.84
1703,fear,0.1,0.96,0.66,0.44
1448,fear,0.0,1.0,0.84,0.42
449,joy,0.03,0.48,1.0,0.02
2581,anger,0.98,0.03,0.16,0.31
2372,anger,0.95,0.07,0.23,0.37
2097,anger,0.96,0.06,0.2,0.41
2499,anger,0.9,0.16,0.22,0.43
2873,sadness,0.08,0.87,0.11,0.9
713,joy,0.05,0.54,1.0,0.05
510,joy,0.16,0.59,0.94,0.26
844,fear,0.03,1.0,0.58,0.53
569,joy,0.16,0.44,0.98,0.1
3452,sadness,0.4,0.45,0.16,0.83
724,joy,0.11,0.49,0.99,0.14
2084,anger,0.95,0.07,0.19,0.51
1065,fear,0.01,1.0,0.72,0.49
1032,fear,0.02,1.0,0.69,0.5
1186,fear,0.03,0.99,0.5,0.58
3279,sadness,0.51,0.38,0.17,0.82
1356,fear,0.04,0.99,0.71,0.49
1276,fear,0.12,0.95,0.68,0.44
441,joy,0.07,0.39,1.0,0.03
202,joy,0.29,0.25,0.98,0.09
3150,sadness,0.4,0.44,0.06,0.9
1981,anger,0.93,0.1,0.19,0.5
2986,sadness,0.37,0.44,0.13,0.89
427,joy,0.18,0.41,0.98,0.11
2475,anger,0.96,0.08,0.19,0.35
847,fear,0.08,0.98,0.49,0.54
1661,fear,0.07,0.97,0.55,0.56
1353,fear,0.18,0.94,0.55,0.44
2852,sadness,0.32,0.55,0.24,0.8
1402,fear,0.03,0.99,0.74,0.45
3025,sadness,0.45,0.37,0.18,0.85
2207,anger,0.97,0.06,0.17,0.32
2423,anger,0.91,0.13,0.24,0.42
1409,fear,0.01,1.0,0.78,0.38
285,joy,0.06,0.74,0.99,0.14
3186,sadness,0.53,0.37,0.24,0.81
3555,sadness,0.36,0.43,0.15,0.87
1291,fear,0.03,0.99,0.58,0.56
1614,fear,0.01,1.0,0.77,0.42
2122,anger,0.91,0.1,0.29,0.41
1615,fear,0.02,1.0,0.83,0.38
1830,fear,0.07,0.98,0.67,0.45
2574,anger,0.83,0.21,0.28,0.5
3185,sadness,0.23,0.7,0.1,0.89
1871,fear,0.21,0.88,0.58,0.48
1790,fear,0.21,0.88,0.6,0.47
2714,anger,0.99,0.04,0.12,0.28
2397,anger,0.86,0.16,0.31,0.45
2713,anger,0.73,0.37,0.32,0.47
2634,anger,0.99,0.01,0.1,0.31
3054,sadness,0.32,0.52,0.58,0.68
1174,fear,0.09,0.96,0.7,0.44
95,joy,0.22,0.55,0.93,0.19
1303,fear,0.06,0.98,0.48,0.6
3514,sadness,0.35,0.42,0.16,0.9
1425,fear,0.19,0.89,0.47,0.56
2384,anger,0.95,0.08,0.17,0.5
469,joy,0.03,0.48,1.0,0.02
466,joy,0.19,0.52,0.96,0.17
1134,fear,0.02,1.0,0.58,0.52
2557,anger,0.96,0.05,0.19,0.4
977,fear,0.13,0.98,0.51,0.39
1803,fear,0.06,0.98,0.7,0.43
1593,fear,0.08,0.97,0.58,0.53
2203,anger,0.97,0.05,0.17,0.47
1256,fear,0.18,0.91,0.5,0.52
255,joy,0.12,0.27,0.99,0.11
1266,fear,0.14,0.93,0.59,0.49
2361,anger,0.93,0.1,0.17,0.54
3384,sadness,0.49,0.36,0.17,0.83
3512,sadness,0.39,0.31,0.06,0.95
1902,fear,0.09,0.96,0.45,0.64
1452,fear,0.07,0.98,0.68,0.43
133,joy,0.05,0.63,1.0,0.04
242,joy,0.06,0.42,1.0,0.04
2983,sadness,0.47,0.32,0.11,0.9
2427,anger,0.91,0.12,0.23,0.46
55,joy,0.13,0.51,0.98,0.1
2530,anger,0.98,0.03,0.17,0.34
2222,anger,0.91,0.14,0.25,0.41
3280,sadness,0.56,0.34,0.18,0.8
2191,anger,0.85,0.21,0.25,0.49
1759,fear,0.02,0.99,0.9,0.32
3026,sadness,0.35,0.32,0.04,0.96
474,joy,0.02,0.5,1.0,0.01
3314,sadness,0.08,0.76,0.08,0.95
2681,anger,0.92,0.15,0.19,0.44
2972,sadness,0.46,0.44,0.3,0.72
3521,sadness,0.52,0.37,0.13,0.84
3505,sadness,0.41,0.32,0.08,0.94
2773,anger,0.94,0.07,0.29,0.41
1837,fear,0.01,1.0,0.71,0.53
370,joy,0.03,0.48,1.0,0.02
437,joy,0.02,0.5,1.0,0.01
1841,fear,0.14,0.92,0.63,0.51
3483,sadness,0.28,0.38,0.07,0.95
976,fear,0.03,0.99,0.67,0.52
215,joy,0.06,0.49,1.0,0.06
3052,sadness,0.63,0.31,0.15,0.83
2080,anger,0.89,0.17,0.27,0.39
1769,fear,0.14,0.9,0.63,0.53
1882,fear,0.16,0.91,0.64,0.46
1649,fear,0.07,0.98,0.62,0.47
2180,anger,0.94,0.08,0.23,0.41
36,joy,0.04,0.7,1.0,0.1
3510,anger,0.82,0.17,0.16,0.73
1610,fear,0.01,1.0,0.78,0.47
3561,sadness,0.42,0.39,0.13,0.9
1960,fear,0.02,1.0,0.54,0.57
1632,fear,0.16,0.94,0.66,0.39
1796,fear,0.29,0.8,0.55,0.49
2332,anger,0.88,0.16,0.22,0.54
1064,fear,0.02,1.0,0.68,0.49
641,joy,0.4,0.51,0.75,0.32
340,joy,0.3,0.35,0.94,0.19
3386,sadness,0.59,0.33,0.18,0.8
2001,anger,0.98,0.03,0.14,0.37
1872,fear,0.14,0.93,0.51,0.55
282,joy,0.21,0.35,0.98,0.08
3199,sadness,0.41,0.5,0.21,0.8
424,joy,0.03,0.48,1.0,0.02
1974,anger,0.99,0.02,0.14,0.38
1251,fear,0.04,0.99,0.69,0.47
3502,sadness,0.43,0.44,0.26,0.76
1437,fear,0.01,1.0,0.79,0.46
2592,anger,0.89,0.15,0.26,0.45
2024,anger,0.89,0.13,0.3,0.44
826,fear,0.13,0.85,0.42,0.73
2607,anger,0.96,0.06,0.19,0.39
1864,fear,0.02,0.99,0.74,0.51
688,joy,0.34,0.46,0.83,0.3
376,joy,0.15,0.68,0.95,0.17
2520,anger,0.77,0.24,0.34,0.52
1281,fear,0.13,0.95,0.66,0.44
2627,anger,0.94,0.08,0.2,0.43
1264,fear,0.11,0.96,0.61,0.5
3370,sadness,0.49,0.28,0.06,0.94
101,joy,0.15,0.32,0.99,0.08
1636,fear,0.18,0.82,0.41,0.69
2924,sadness,0.49,0.34,0.13,0.88
3084,sadness,0.1,0.86,0.17,0.88
2473,anger,0.96,0.07,0.14,0.51
1069,fear,0.06,0.98,0.68,0.54
127,joy,0.05,0.58,1.0,0.06
1571,fear,0.02,1.0,0.6,0.6
408,joy,0.02,0.5,1.0,0.01
704,joy,0.19,0.41,0.98,0.08
1667,fear,0.02,1.0,0.66,0.56
1728,fear,0.04,0.99,0.72,0.41
162,joy,0.09,0.34,1.0,0.04
1982,anger,0.88,0.22,0.23,0.44
1681,fear,0.03,0.99,0.51,0.6
3012,sadness,0.31,0.55,0.18,0.86
2955,sadness,0.19,0.64,0.22,0.86
1543,fear,0.12,0.95,0.52,0.54
2343,anger,0.82,0.21,0.17,0.63
3421,sadness,0.45,0.36,0.15,0.87
1094,fear,0.02,1.0,0.67,0.55
197,joy,0.02,0.5,1.0,0.01
3446,sadness,0.42,0.42,0.18,0.85
88,joy,0.11,0.66,0.98,0.14
1057,fear,0.01,1.0,0.64,0.57
111,joy,0.03,0.6,1.0,0.04
2515,anger,0.86,0.17,0.34,0.4
2501,anger,0.83,0.17,0.5,0.3
3533,sadness,0.29,0.44,0.11,0.93
1365,fear,0.03,0.99,0.69,0.54
859,fear,0.01,1.0,0.67,0.56
795,joy,0.17,0.5,0.98,0.13
2900,sadness,0.51,0.41,0.27,0.73
835,fear,0.01,1.0,0.79,0.45
3431,sadness,0.75,0.23,0.13,0.81
3515,sadness,0.47,0.43,0.26,0.78
1170,fear,0.04,0.99,0.69,0.48
744,joy,0.24,0.49,0.93,0.21
2218,anger,0.94,0.08,0.16,0.55
2620,anger,0.85,0.2,0.24,0.48
1959,fear,0.02,0.99,0.78,0.55
1569,fear,0.02,1.0,0.57,0.58
509,joy,0.02,0.5,1.0,0.01
2622,anger,0.98,0.03,0.14,0.37
292,joy,0.03,0.48,1.0,0.02
821,joy,0.06,0.54,0.99,0.1
909,fear,0.01,1.0,0.73,0.53
3242,sadness,0.32,0.55,0.19,0.83
1262,fear,0.13,0.92,0.57,0.56
2308,anger,0.91,0.13,0.26,0.38
2365,anger,0.93,0.09,0.23,0.45
3416,sadness,0.35,0.47,0.23,0.81
594,joy,0.33,0.38,0.93,0.14
3538,sadness,0.32,0.4,0.09,0.93
3460,sadness,0.44,0.45,0.29,0.73
3560,sadness,0.44,0.43,0.27,0.8
920,fear,0.02,1.0,0.74,0.49
1938,fear,0.17,0.9,0.63,0.47
1547,fear,0.22,0.87,0.53,0.51
1447,fear,0.3,0.72,0.48,0.58
2145,anger,0.92,0.1,0.3,0.35
1742,fear,0.1,0.96,0.37,0.64
2908,sadness,0.44,0.36,0.11,0.89
591,joy,0.12,0.35,0.99,0.15
1263,fear,0.1,0.98,0.44,0.54
21,joy,0.13,0.48,0.99,0.09
293,joy,0.41,0.28,0.88,0.23
4,joy,0.22,0.43,0.96,0.16
2490,anger,0.85,0.19,0.28,0.48
2988,sadness,0.39,0.47,0.16,0.83
1942,fear,0.24,0.83,0.5,0.54
590,joy,0.07,0.28,1.0,0.03
1779,fear,0.12,0.96,0.63,0.43
1556,fear,0.05,0.99,0.73,0.39
3424,sadness,0.4,0.39,0.1,0.9
3325,sadness,0.51,0.4,0.31,0.73
2015,anger,0.74,0.28,0.35,0.51
3500,sadness,0.58,0.31,0.37,0.72
2692,joy,0.35,0.17,0.97,0.09
3158,sadness,0.36,0.51,0.22,0.82
1046,fear,0.04,0.99,0.69,0.46
125,joy,0.06,0.31,1.0,0.03
1476,fear,0.09,0.97,0.71,0.44
2476,anger,0.78,0.24,0.31,0.52
3,joy,0.05,0.54,1.0,0.07
1246,fear,0.09,0.96,0.5,0.61
1654,fear,0.04,0.99,0.7,0.45
489,joy,0.06,0.43,1.0,0.04
1733,fear,0.03,0.99,0.53,0.68
2070,anger,0.96,0.06,0.18,0.46
686,joy,0.09,0.46,0.99,0.09
1948,fear,0.07,0.98,0.63,0.52
46,joy,0.22,0.3,0.98,0.13
64,joy,0.18,0.63,0.94,0.21
1153,fear,0.02,1.0,0.78,0.42
1052,fear,0.27,0.87,0.54,0.42
392,joy,0.09,0.38,0.99,0.07
519,joy,0.19,0.5,0.95,0.17
2595,sadness,0.59,0.34,0.23,0.79
2584,anger,0.89,0.16,0.25,0.47
3286,sadness,0.39,0.36,0.12,0.9
254,joy,0.28,0.46,0.91,0.21
531,joy,0.18,0.4,0.98,0.09
176,joy,0.12,0.26,1.0,0.04
3310,sadness,0.53,0.29,0.12,0.9
1545,fear,0.12,0.91,0.61,0.57
337,joy,0.16,0.51,0.97,0.16
2131,anger,0.89,0.13,0.29,0.43
2802,anger,0.83,0.19,0.3,0.51
1952,fear,0.03,1.0,0.69,0.49
638,joy,0.05,0.73,0.99,0.1
1322,fear,0.04,0.99,0.75,0.43
2315,anger,0.96,0.06,0.14,0.56
2042,anger,0.96,0.06,0.2,0.34
3488,sadness,0.44,0.42,0.24,0.81
2211,anger,0.96,0.05,0.22,0.42
3267,sadness,0.44,0.41,0.13,0.87
2143,anger,0.94,0.08,0.27,0.36
287,joy,0.07,0.45,1.0,0.11
846,fear,0.14,0.96,0.47,0.51
2970,sadness,0.47,0.43,0.26,0.74
3283,sadness,0.47,0.34,0.13,0.9
2314,sadness,0.72,0.26,0.2,0.73
3437,sadness,0.46,0.37,0.13,0.89
2947,sadness,0.47,0.41,0.18,0.8
3593,sadness,0.52,0.35,0.17,0.85
2761,anger,0.81,0.2,0.36,0.45
809,joy,0.28,0.44,0.94,0.15
1727,fear,0.01,1.0,0.62,0.6
2799,anger,0.86,0.16,0.3,0.46
1581,fear,0.1,0.94,0.36,0.7
1880,fear,0.08,0.97,0.69,0.48
3142,sadness,0.41,0.37,0.17,0.9
1151,fear,0.01,1.0,0.77,0.38
130,joy,0.02,0.45,1.0,0.01
919,fear,0.23,0.91,0.54,0.42
1085,fear,0.02,0.99,0.51,0.64
524,joy,0.1,0.42,0.99,0.05
2208,anger,0.98,0.03,0.17,0.39
539,joy,0.19,0.42,0.98,0.11
3118,sadness,0.31,0.4,0.09,0.93
2875,sadness,0.41,0.44,0.24,0.8
2743,anger,1.0,0.01,0.11,0.24
841,fear,0.01,1.0,0.79,0.45
59,joy,0.2,0.33,0.98,0.11
2762,anger,0.98,0.04,0.1,0.44
527,joy,0.15,0.49,0.97,0.22
938,fear,0.05,0.98,0.47,0.64
1784,fear,0.19,0.9,0.61,0.45
1255,fear,0.01,1.0,0.77,0.44
563,joy,0.26,0.45,0.93,0.17
160,joy,0.12,0.53,0.98,0.15
2537,anger,0.96,0.09,0.19,0.29
2422,anger,0.97,0.06,0.17,0.33
8,joy,0.35,0.36,0.88,0.34
3138,sadness,0.38,0.44,0.09,0.9
2493,anger,0.86,0.17,0.24,0.53
1595,fear,0.03,0.99,0.47,0.69
322,joy,0.15,0.56,0.97,0.12
278,joy,0.02,0.5,1.0,0.01
1079,sadness,0.22,0.7,0.14,0.84
1588,fear,0.13,0.96,0.59,0.43
1913,fear,0.03,0.99,0.65,0.52
829,fear,0.02,1.0,0.71,0.48
828,fear,0.05,0.99,0.46,0.58
1519,fear,0.09,0.97,0.55,0.55
935,fear,0.17,0.87,0.5,0.59
908,fear,0.18,0.93,0.61,0.4
3034,sadness,0.46,0.39,0.15,0.85
1376,fear,0.03,1.0,0.64,0.5
2167,anger,0.84,0.19,0.37,0.41
71,joy,0.07,0.32,1.0,0.04
2702,anger,0.95,0.07,0.26,0.35
1793,fear,0.11,0.96,0.38,0.63
1601,fear,0.07,0.98,0.62,0.5
1325,fear,0.02,1.0,0.68,0.47
2589,anger,0.83,0.19,0.31,0.48
1726,fear,0.04,0.99,0.73,0.44
2774,anger,0.95,0.08,0.2,0.35
288,joy,0.15,0.72,0.92,0.25
163,joy,0.1,0.48,0.99,0.1
1910,fear,0.02,1.0,0.72,0.49
596,joy,0.19,0.26,0.99,0.11
2563,anger,0.96,0.08,0.18,0.36
1453,fear,0.26,0.82,0.57,0.49
810,joy,0.12,0.4,0.98,0.29
3152,sadness,0.32,0.43,0.12,0.91
2370,anger,0.93,0.09,0.38,0.25
2060,anger,0.96,0.06,0.2,0.42
2801,anger,0.82,0.14,0.47,0.42
729,fear,0.07,0.96,0.85,0.37
2639,anger,0.85,0.19,0.29,0.45
232,joy,0.15,0.65,0.76,0.66
3233,sadness,0.36,0.41,0.15,0.91
2497,anger,0.98,0.03,0.16,0.41
1628,fear,0.09,0.98,0.64,0.43
1575,fear,0.31,0.81,0.57,0.44
731,joy,0.37,0.44,0.84,0.25
3380,sadness,0.52,0.4,0.28,0.72
2491,anger,0.83,0.18,0.2,0.63
2233,anger,0.82,0.21,0.31,0.51
3196,sadness,0.47,0.42,0.27,0.74
221,joy,0.05,0.34,1.0,0.03
87,joy,0.27,0.43,0.94,0.15
2367,anger,0.96,0.07,0.18,0.35
3093,sadness,0.47,0.44,0.32,0.71
2353,anger,0.95,0.08,0.22,0.34
246,joy,0.03,0.55,1.0,0.05
1584,fear,0.05,0.99,0.45,0.55
990,fear,0.07,0.99,0.42,0.6
3399,sadness,0.4,0.45,0.18,0.8
3549,sadness,0.35,0.49,0.17,0.84
3589,sadness,0.24,0.54,0.13,0.9
1641,sadness,0.18,0.74,0.28,0.79
1377,fear,0.02,1.0,0.73,0.44
982,fear,0.01,1.0,0.79,0.42
2359,anger,0.94,0.09,0.23,0.38
2556,anger,0.83,0.24,0.3,0.42
697,joy,0.17,0.43,0.98,0.11
1515,fear,0.08,0.98,0.65,0.44
178,joy,0.01,0.8,1.0,0.06
2937,sadness,0.37,0.43,0.2,0.83
2186,anger,0.95,0.07,0.2,0.39
1608,fear,0.03,0.99,0.83,0.41
3022,sadness,0.24,0.65,0.2,0.8
171,joy,0.03,0.48,1.0,0.02
501,joy,0.06,0.45,1.0,0.05
2809,anger,0.95,0.08,0.15,0.55
2148,anger,0.97,0.05,0.14,0.36
1745,fear,0.09,0.95,0.56,0.57
2564,anger,0.75,0.27,0.35,0.51
1961,fear,0.31,0.81,0.59,0.38
694,joy,0.53,0.22,0.87,0.19
1914,fear,0.35,0.7,0.52,0.52
685,joy,0.33,0.24,0.95,0.14
752,joy,0.36,0.44,0.89,0.21
1559,fear,0.13,0.92,0.53,0.58
2883,sadness,0.28,0.52,0.18,0.86
631,joy,0.06,0.67,0.99,0.08
3131,sadness,0.46,0.37,0.14,0.87
2656,anger,0.94,0.08,0.23,0.43
757,joy,0.13,0.32,0.99,0.05
286,joy,0.15,0.6,0.96,0.17
1293,fear,0.04,0.98,0.83,0.41
2055,anger,0.97,0.05,0.18,0.36
1163,fear,0.09,0.98,0.63,0.45
1876,fear,0.17,0.93,0.55,0.49
3389,sadness,0.37,0.38,0.1,0.92
2822,anger,0.88,0.14,0.38,0.36
952,fear,0.02,1.0,0.72,0.44
2975,sadness,0.24,0.67,0.23,0.81
1379,fear,0.25,0.8,0.69,0.43
1091,fear,0.08,0.97,0.78,0.32
2375,anger,0.86,0.19,0.2,0.54
543,joy,0.07,0.47,1.0,0.04
3343,sadness,0.36,0.5,0.23,0.83
793,joy,0.12,0.23,1.0,0.05
1432,fear,0.02,1.0,0.59,0.57
3347,sadness,0.56,0.32,0.11,0.88
2052,anger,0.98,0.04,0.12,0.31
2847,sadness,0.48,0.4,0.23,0.77
485,joy,0.12,0.39,0.99,0.04
1049,fear,0.01,1.0,0.78,0.43
893,fear,0.22,0.77,0.48,0.66
1147,fear,0.06,0.99,0.47,0.6
746,joy,0.23,0.59,0.89,0.26
1847,fear,0.02,1.0,0.68,0.53
1827,fear,0.14,0.96,0.64,0.36
1450,fear,0.1,0.97,0.36,0.63
3557,sadness,0.48,0.38,0.15,0.88
1229,fear,0.01,1.0,0.85,0.4
1550,fear,0.01,1.0,0.75,0.48
3235,sadness,0.41,0.47,0.16,0.84
2149,anger,0.94,0.09,0.21,0.41
3247,sadness,0.11,0.71,0.09,0.94
450,joy,0.11,0.5,0.99,0.08
2962,sadness,0.37,0.43,0.19,0.84
973,fear,0.2,0.91,0.28,0.64
3272,sadness,0.42,0.44,0.23,0.76
2667,anger,0.69,0.37,0.24,0.58
544,joy,0.12,0.45,0.99,0.07
2344,anger,0.96,0.06,0.15,0.44
1620,fear,0.38,0.83,0.44,0.41
663,joy,0.17,0.49,0.97,0.13
2904,sadness,0.45,0.35,0.08,0.9
1835,fear,0.23,0.9,0.55,0.42
3506,sadness,0.29,0.44,0.09,0.92
2096,anger,0.9,0.13,0.24,0.45
803,joy,0.08,0.51,0.99,0.12
3164,sadness,0.5,0.25,0.06,0.96
778,joy,0.1,0.61,0.99,0.13
848,fear,0.11,0.94,0.71,0.45
1579,fear,0.01,1.0,0.64,0.61
3255,sadness,0.31,0.61,0.22,0.81
3554,sadness,0.4,0.45,0.22,0.81
899,fear,0.12,0.94,0.65,0.49
239,joy,0.03,0.79,1.0,0.07
335,joy,0.08,0.34,1.0,0.04
1997,anger,0.94,0.09,0.22,0.45
667,joy,0.24,0.33,0.94,0.31
2339,anger,0.85,0.18,0.27,0.54
372,joy,0.25,0.32,0.97,0.12
3523,sadness,0.17,0.57,0.07,0.95
3299,sadness,0.43,0.45,0.18,0.84
557,joy,0.13,0.54,0.98,0.12
1512,fear,0.01,1.0,0.74,0.45
657,joy,0.09,0.53,0.99,0.11
72,joy,0.05,0.36,1.0,0.02
2236,anger,0.94,0.1,0.15,0.49
1807,fear,0.14,0.93,0.52,0.57
3191,sadness,0.44,0.39,0.14,0.84
1639,fear,0.03,0.99,0.54,0.61
1179,fear,0.03,1.0,0.53,0.57
257,joy,0.21,0.35,0.98,0.1
116,joy,0.09,0.49,1.0,0.05
11,joy,0.28,0.25,0.96,0.11
2112,anger,0.98,0.03,0.13,0.45
3408,sadness,0.42,0.45,0.22,0.76
1141,fear,0.19,0.88,0.53,0.55
2934,sadness,0.51,0.41,0.22,0.77
2377,anger,0.92,0.14,0.19,0.46
3448,sadness,0.29,0.4,0.04,0.96
405,joy,0.12,0.58,0.98,0.13
1133,fear,0.12,0.93,0.47,0.64
661,joy,0.24,0.54,0.92,0.22
2899,sadness,0.49,0.34,0.15,0.88
3282,sadness,0.31,0.46,0.17,0.89
950,fear,0.17,0.95,0.56,0.4
1925,fear,0.2,0.88,0.65,0.45
2567,anger,0.94,0.11,0.23,0.33
3182,sadness,0.39,0.39,0.15,0.89
3585,sadness,0.49,0.37,0.2,0.85
552,joy,0.04,0.82,0.99,0.15
3115,sadness,0.33,0.56,0.28,0.8
682,joy,0.27,0.59,0.86,0.26
1979,anger,0.77,0.28,0.37,0.46
1672,fear,0.03,1.0,0.7,0.42
1523,fear,0.01,1.0,0.79,0.51
2278,anger,0.96,0.06,0.19,0.44
1970,anger,0.98,0.02,0.19,0.33
1209,fear,0.02,1.0,0.68,0.56
3106,sadness,0.54,0.44,0.33,0.63
3586,sadness,0.37,0.35,0.04,0.95
3263,sadness,0.5,0.39,0.24,0.79
2092,anger,0.99,0.02,0.14,0.38
1464,fear,0.32,0.8,0.6,0.35
2385,anger,0.88,0.15,0.25,0.5
2849,sadness,0.27,0.51,0.08,0.91
3345,sadness,0.37,0.47,0.19,0.84
1977,anger,0.96,0.05,0.2,0.41
3607,sadness,0.37,0.38,0.11,0.91
2417,anger,0.97,0.04,0.18,0.34
632,joy,0.23,0.12,0.99,0.12
2857,sadness,0.39,0.48,0.21,0.83
607,joy,0.33,0.45,0.85,0.27
3327,sadness,0.19,0.75,0.22,0.81
680,joy,0.03,0.52,1.0,0.03
2153,anger,0.92,0.1,0.25,0.42
3509,sadness,0.46,0.4,0.2,0.82
2548,anger,0.95,0.07,0.22,0.41
2698,anger,0.92,0.11,0.2,0.52
429,joy,0.13,0.6,0.97,0.17
2201,anger,0.85,0.18,0.32,0.45
1992,anger,0.91,0.13,0.16,0.58
2745,anger,0.84,0.23,0.3,0.43
2992,sadness,0.32,0.45,0.06,0.94
2518,anger,0.96,0.05,0.16,0.4
2954,sadness,0.38,0.45,0.23,0.8
2130,anger,0.84,0.2,0.2,0.58
2268,anger,0.88,0.15,0.22,0.53
264,joy,0.11,0.29,1.0,0.04
1207,fear,0.15,0.85,0.49,0.67
3163,sadness,0.47,0.39,0.21,0.8
648,joy,0.2,0.15,1.0,0.03
2680,anger,0.83,0.19,0.26,0.55
1729,fear,0.3,0.79,0.51,0.51
1467,fear,0.06,0.99,0.49,0.55
3602,sadness,0.38,0.47,0.24,0.77
2837,sadness,0.3,0.52,0.2,0.82
2611,anger,0.84,0.15,0.4,0.42
217,joy,0.13,0.55,0.98,0.13
1985,anger,0.98,0.03,0.26,0.27
1405,fear,0.24,0.83,0.52,0.54
1084,fear,0.21,0.78,0.38,0.7
249,joy,0.24,0.52,0.92,0.21
313,joy,0.06,0.4,1.0,0.03
123,joy,0.41,0.51,0.74,0.36
1245,fear,0.07,0.98,0.56,0.51
1996,anger,0.99,0.01,0.11,0.32
2625,anger,0.78,0.25,0.28,0.53
1335,fear,0.24,0.87,0.51,0.51
1714,fear,0.07,0.97,0.46,0.64
2879,sadness,0.37,0.41,0.09,0.91
788,joy,0.25,0.52,0.86,0.4
493,joy,0.19,0.43,0.97,0.1
223,joy,0.05,0.57,1.0,0.07
3577,sadness,0.43,0.41,0.17,0.85
3292,sadness,0.29,0.45,0.1,0.92
2951,sadness,0.34,0.51,0.18,0.87
1594,fear,0.1,0.95,0.65,0.5
348,joy,0.03,0.48,1.0,0.02
189,joy,0.31,0.41,0.91,0.21
2580,anger,0.92,0.13,0.25,0.35
2102,anger,0.83,0.2,0.31,0.46
390,joy,0.04,0.59,1.0,0.05
2462,anger,0.96,0.05,0.18,0.49
3385,sadness,0.48,0.38,0.22,0.82
467,joy,0.17,0.49,0.96,0.2
1951,fear,0.01,1.0,0.69,0.53
3531,sadness,0.52,0.27,0.08,0.94
3313,sadness,0.36,0.4,0.08,0.92
2880,sadness,0.49,0.36,0.17,0.88
231,joy,0.02,0.67,1.0,0.07
1257,fear,0.04,0.99,0.48,0.67
3071,sadness,0.29,0.59,0.26,0.78
647,joy,0.3,0.38,0.95,0.15
3517,sadness,0.57,0.37,0.2,0.77
1546,fear,0.14,0.93,0.54,0.53
2654,anger,0.8,0.22,0.36,0.45
689,joy,0.09,0.66,0.98,0.17
740,joy,0.14,0.14,1.0,0.04
2966,sadness,0.29,0.57,0.18,0.87
2416,anger,0.79,0.22,0.25,0.59
1469,fear,0.08,0.99,0.59,0.4
3425,sadness,0.48,0.43,0.28,0.72
238,joy,0.18,0.5,0.97,0.12
1100,fear,0.06,0.99,0.63,0.47
2771,anger,0.86,0.16,0.32,0.46
2764,anger,0.81,0.23,0.27,0.54
537,joy,0.33,0.42,0.89,0.22
1190,fear,0.34,0.8,0.48,0.46
2117,anger,0.96,0.06,0.15,0.48
963,fear,0.19,0.9,0.54,0.52
470,joy,0.31,0.36,0.93,0.18
3214,sadness,0.34,0.5,0.14,0.85
3351,sadness,0.33,0.35,0.05,0.95
2783,anger,0.71,0.35,0.41,0.44
1392,fear,0.08,0.98,0.69,0.38
2182,anger,0.96,0.06,0.2,0.4
2073,anger,0.77,0.3,0.26,0.54
2747,anger,0.9,0.13,0.26,0.46
52,joy,0.19,0.21,0.99,0.06
271,joy,0.05,0.51,1.0,0.04
1382,fear,0.1,0.96,0.6,0.54
3089,sadness,0.59,0.28,0.08,0.89
616,joy,0.19,0.51,0.94,0.26
451,joy,0.22,0.51,0.94,0.21
2246,anger,0.86,0.24,0.2,0.5
1061,fear,0.07,0.97,0.67,0.49
815,joy,0.12,0.43,0.99,0.11
1659,fear,0.14,0.94,0.65,0.46
1034,fear,0.04,0.98,0.52,0.67
2882,sadness,0.44,0.44,0.29,0.75
3486,sadness,0.31,0.47,0.19,0.87
1532,fear,0.03,0.99,0.52,0.62
2301,anger,0.92,0.11,0.26,0.47
2164,anger,0.88,0.15,0.28,0.44
1538,fear,0.03,1.0,0.66,0.47
2575,anger,0.97,0.04,0.25,0.33
1485,fear,0.11,0.97,0.52,0.53
3311,sadness,0.25,0.68,0.38,0.73
2856,sadness,0.45,0.34,0.15,0.89
2579,anger,0.96,0.07,0.27,0.27
1468,fear,0.05,0.99,0.71,0.43
2287,anger,0.94,0.08,0.16,0.58
2088,anger,0.95,0.07,0.21,0.46
1212,fear,0.03,0.99,0.58,0.54
771,joy,0.06,0.47,1.0,0.09
3490,sadness,0.28,0.46,0.09,0.92
3181,sadness,0.5,0.39,0.23,0.78
570,joy,0.04,0.71,1.0,0.06
1030,fear,0.03,1.0,0.61,0.5
1922,fear,0.02,1.0,0.53,0.57
1028,fear,0.19,0.91,0.59,0.47
699,joy,0.08,0.3,1.0,0.04
649,joy,0.19,0.5,0.97,0.13
542,joy,0.2,0.24,0.98,0.12
578,joy,0.08,0.58,0.99,0.1
3410,sadness,0.39,0.5,0.17,0.82
1934,fear,0.07,0.97,0.43,0.65
3361,sadness,0.22,0.59,0.15,0.89
2305,anger,0.74,0.3,0.35,0.5
2395,anger,0.84,0.22,0.33,0.42
1991,anger,0.98,0.03,0.13,0.4
1490,fear,0.18,0.9,0.6,0.5
1563,fear,0.27,0.78,0.38,0.61
380,joy,0.04,0.56,1.0,0.04
849,fear,0.16,0.88,0.4,0.68
352,joy,0.07,0.47,1.0,0.07
1553,fear,0.03,0.99,0.62,0.55
2087,anger,0.79,0.24,0.35,0.48
1418,fear,0.22,0.88,0.44,0.55
1017,fear,0.07,0.98,0.43,0.63
26,joy,0.19,0.41,0.97,0.14
2484,anger,0.9,0.23,0.23,0.34
1292,fear,0.01,1.0,0.78,0.48
2399,anger,0.98,0.04,0.14,0.34
2792,anger,0.86,0.17,0.29,0.49
1253,fear,0.22,0.89,0.59,0.45
1808,fear,0.02,1.0,0.58,0.58
619,joy,0.39,0.23,0.93,0.21
1178,fear,0.09,0.98,0.68,0.35
1128,fear,0.01,1.0,0.82,0.45
2612,anger,0.98,0.04,0.14,0.41
2103,anger,0.76,0.27,0.33,0.51
1562,fear,0.03,0.99,0.58,0.53
3433,sadness,0.26,0.41,0.05,0.96
1939,fear,0.03,0.97,0.86,0.51
2534,anger,0.87,0.16,0.29,0.47
396,joy,0.13,0.3,1.0,0.05
994,fear,0.12,0.95,0.48,0.57
1935,fear,0.08,0.99,0.6,0.34
2832,sadness,0.49,0.39,0.16,0.82
2243,anger,0.96,0.06,0.19,0.42
1340,fear,0.04,0.99,0.71,0.41
1478,fear,0.18,0.92,0.53,0.5
298,joy,0.02,0.5,1.0,0.01
2531,anger,0.78,0.23,0.31,0.54
1756,fear,0.14,0.93,0.47,0.58
2363,anger,0.92,0.12,0.2,0.45
1111,fear,0.05,0.99,0.71,0.43
1607,fear,0.09,0.96,0.63,0.51
2744,anger,0.92,0.07,0.4,0.39
2290,anger,0.95,0.07,0.22,0.35
774,joy,0.07,0.82,0.97,0.26
2356,anger,0.94,0.09,0.21,0.4
1062,fear,0.11,0.96,0.49,0.55
2434,anger,0.91,0.11,0.27,0.47
2393,anger,0.95,0.1,0.24,0.3
2519,anger,0.88,0.16,0.24,0.48
3125,sadness,0.35,0.38,0.08,0.92
342,joy,0.17,0.35,0.98,0.17
38,joy,0.05,0.57,1.0,0.06
75,joy,0.1,0.64,0.98,0.15
3611,sadness,0.42,0.35,0.12,0.9
1132,fear,0.15,0.92,0.63,0.47
2806,anger,0.89,0.13,0.25,0.51
1199,fear,0.01,1.0,0.75,0.46
1541,fear,0.31,0.73,0.46,0.57
2369,anger,0.89,0.13,0.21,0.56
225,joy,0.08,0.71,0.98,0.18
2669,anger,0.89,0.17,0.4,0.27
914,fear,0.21,0.89,0.57,0.46
2892,sadness,0.29,0.68,0.29,0.73
2224,anger,0.98,0.04,0.14,0.38
3087,sadness,0.44,0.36,0.12,0.9
3465,sadness,0.38,0.36,0.07,0.94
3294,sadness,0.31,0.56,0.11,0.88
2916,sadness,0.37,0.54,0.21,0.79
1216,fear,0.07,0.99,0.71,0.35
70,joy,0.23,0.61,0.88,0.28
3265,sadness,0.41,0.39,0.07,0.9
2778,anger,0.86,0.19,0.23,0.52
2438,anger,0.85,0.17,0.32,0.47
553,joy,0.05,0.37,1.0,0.04
2524,anger,0.97,0.06,0.15,0.42
2217,anger,0.99,0.01,0.09,0.36
901,fear,0.08,0.96,0.73,0.44
3077,sadness,0.31,0.49,0.1,0.91
2629,anger,0.93,0.09,0.23,0.4
2311,anger,0.95,0.07,0.22,0.42
720,joy,0.07,0.58,0.99,0.13
1104,fear,0.04,1.0,0.59,0.48
2777,anger,0.86,0.17,0.3,0.47
2067,anger,0.92,0.12,0.22,0.41
3009,sadness,0.55,0.36,0.19,0.82
2569,anger,0.96,0.06,0.22,0.43
1294,fear,0.05,0.96,0.33,0.81
879,fear,0.05,0.99,0.69,0.38
2571,anger,0.84,0.19,0.34,0.39
2645,anger,0.92,0.1,0.23,0.43
776,joy,0.16,0.51,0.99,0.07
1999,anger,0.96,0.06,0.14,0.5
1270,fear,0.14,0.95,0.66,0.4
2165,anger,0.94,0.12,0.23,0.35
679,joy,0.39,0.48,0.76,0.37
2850,sadness,0.5,0.4,0.25,0.76
1313,fear,0.06,0.97,0.63,0.55
2689,anger,0.95,0.11,0.18,0.37
2649,anger,0.87,0.14,0.32,0.42
2448,anger,0.99,0.02,0.12,0.35
506,joy,0.23,0.53,0.93,0.2
148,joy,0.05,0.54,1.0,0.06
1573,fear,0.02,1.0,0.67,0.52
1,joy,0.12,0.62,0.96,0.28
1590,fear,0.07,0.98,0.74,0.38
279,joy,0.03,0.48,1.0,0.02
525,joy,0.4,0.55,0.66,0.44
1780,fear,0.19,0.88,0.66,0.45
3529,sadness,0.49,0.44,0.23,0.81
3018,sadness,0.36,0.49,0.18,0.83
2127,anger,0.95,0.07,0.22,0.4
3352,sadness,0.29,0.44,0.05,0.94
1045,fear,0.05,0.99,0.46,0.61
1070,fear,0.2,0.89,0.6,0.45
463,joy,0.09,0.59,0.99,0.09
1774,fear,0.01,1.0,0.77,0.53
904,fear,0.11,0.97,0.37,0.6
3081,sadness,0.35,0.42,0.18,0.88
2795,anger,0.9,0.13,0.24,0.46
3356,sadness,0.14,0.74,0.28,0.86
1109,fear,0.26,0.83,0.58,0.47
1583,fear,0.06,0.98,0.74,0.44
3379,sadness,0.31,0.37,0.06,0.95
5,joy,0.08,0.74,0.98,0.13
3003,sadness,0.35,0.38,0.18,0.91
122,joy,0.38,0.31,0.9,0.19
3180,sadness,0.37,0.47,0.26,0.82
1378,fear,0.02,0.99,0.71,0.56
1131,fear,0.06,0.98,0.67,0.48
1314,fear,0.05,0.97,0.54,0.66
784,joy,0.13,0.28,0.99,0.06
1831,fear,0.02,1.0,0.77,0.48
316,joy,0.03,0.48,1.0,0.02
2259,anger,0.83,0.19,0.34,0.46
1995,anger,0.84,0.2,0.18,0.61
1304,fear,0.06,0.98,0.74,0.44
2568,anger,0.93,0.1,0.19,0.48
1859,fear,0.06,0.99,0.57,0.52
438,joy,0.13,0.47,0.99,0.08
2736,anger,0.9,0.13,0.28,0.44
2893,sadness,0.53,0.27,0.07,0.93
3269,sadness,0.53,0.39,0.21,0.8
3480,sadness,0.22,0.66,0.16,0.85
1832,fear,0.23,0.86,0.56,0.5
2779,anger,0.96,0.05,0.22,0.37
3513,sadness,0.38,0.43,0.2,0.87
3591,sadness,0.34,0.48,0.17,0.88
2923,sadness,0.55,0.34,0.18,0.83
1218,fear,0.03,0.99,0.74,0.53
2728,anger,0.83,0.19,0.32,0.45
243,joy,0.12,0.31,1.0,0.04
2348,anger,0.95,0.07,0.23,0.4
1885,fear,0.05,0.99,0.65,0.47
1076,fear,0.32,0.78,0.57,0.45
1397,sadness,0.19,0.75,0.22,0.81
2401,anger,0.91,0.15,0.2,0.45
622,joy,0.1,0.64,0.97,0.31
1956,fear,0.27,0.82,0.58,0.48
2322,anger,0.97,0.06,0.14,0.35
3331,sadness,0.19,0.67,0.16,0.86
3335,sadness,0.32,0.41,0.03,0.96
3076,sadness,0.37,0.38,0.07,0.93
100,joy,0.21,0.42,0.97,0.12
3156,sadness,0.24,0.48,0.05,0.94
1833,fear,0.09,0.97,0.68,0.46
1026,fear,0.02,0.99,0.71,0.52
2458,anger,0.94,0.08,0.22,0.44
1441,fear,0.01,1.0,0.79,0.45
3253,sadness,0.44,0.47,0.32,0.75
1159,fear,0.26,0.93,0.43,0.41
2737,anger,0.77,0.24,0.34,0.51
235,joy,0.37,0.41,0.84,0.29
502,joy,0.1,0.57,0.99,0.08
1605,fear,0.01,1.0,0.75,0.5
2618,anger,0.92,0.09,0.25,0.46
953,fear,0.22,0.9,0.56,0.44
1627,fear,0.03,0.99,0.67,0.54
1969,fear,0.27,0.82,0.59,0.47
1342,fear,0.05,0.98,0.71,0.53
2107,anger,0.97,0.04,0.15,0.43
2354,anger,0.96,0.04,0.26,0.36
2502,anger,0.82,0.22,0.32,0.46
461,joy,0.15,0.43,0.99,0.11
2536,anger,0.84,0.19,0.24,0.54
696,joy,0.3,0.21,0.98,0.07
1457,sadness,0.31,0.61,0.22,0.81
709,joy,0.15,0.62,0.95,0.21
1825,fear,0.14,0.94,0.64,0.46
3479,sadness,0.48,0.35,0.15,0.87
2877,sadness,0.41,0.41,0.18,0.84
511,joy,0.07,0.35,1.0,0.05
587,joy,0.15,0.43,0.98,0.11
609,joy,0.05,0.35,1.0,0.04
3128,sadness,0.43,0.39,0.18,0.83
3478,sadness,0.33,0.4,0.14,0.92
1494,fear,0.12,0.92,0.27,0.74
1690,fear,0.08,0.98,0.65,0.45
2342,anger,0.98,0.04,0.17,0.36
1683,fear,0.04,0.99,0.68,0.51
3278,sadness,0.44,0.36,0.09,0.89
1943,fear,0.06,0.98,0.61,0.52
2766,anger,0.93,0.1,0.22,0.46
373,joy,0.02,0.5,1.0,0.01
2723,anger,0.94,0.08,0.16,0.5
637,joy,0.06,0.59,0.99,0.14
302,joy,0.02,0.5,1.0,0.01
2489,anger,0.7,0.27,0.48,0.46
3473,sadness,0.56,0.38,0.29,0.73
3420,sadness,0.23,0.54,0.17,0.9
99,joy,0.08,0.39,1.0,0.04
1166,fear,0.11,0.95,0.65,0.47
1249,fear,0.13,0.96,0.66,0.4
2119,anger,0.93,0.11,0.19,0.4
496,joy,0.08,0.54,0.99,0.08
2464,anger,0.9,0.11,0.31,0.4
2108,anger,0.75,0.28,0.32,0.53
3537,sadness,0.42,0.4,0.16,0.86
2782,anger,0.9,0.12,0.27,0.45
1139,fear,0.12,0.9,0.73,0.5
989,fear,0.06,0.98,0.51,0.56
1137,fear,0.03,0.99,0.46,0.67
1582,fear,0.04,0.99,0.73,0.44
3604,sadness,0.34,0.47,0.2,0.83
2797,anger,0.85,0.17,0.27,0.53
3367,sadness,0.5,0.43,0.27,0.74
2842,sadness,0.4,0.46,0.26,0.77
1592,fear,0.15,0.91,0.61,0.51
1439,fear,0.02,1.0,0.64,0.57
785,joy,0.19,0.57,0.94,0.2
2210,anger,0.95,0.08,0.18,0.42
62,joy,0.08,0.45,1.0,0.06
268,joy,0.13,0.35,0.99,0.06
355,joy,0.21,0.35,0.98,0.11
344,joy,0.19,0.47,0.93,0.35
2368,anger,0.92,0.12,0.22,0.44
521,joy,0.23,0.52,0.95,0.16
2113,anger,0.84,0.19,0.31,0.47
2452,anger,0.98,0.03,0.14,0.34
583,joy,0.25,0.3,0.97,0.11
3298,sadness,0.43,0.37,0.08,0.91
2007,anger,0.73,0.29,0.37,0.49
1097,fear,0.22,0.87,0.57,0.48
1927,fear,0.41,0.8,0.35,0.47
1067,fear,0.02,1.0,0.64,0.5
1372,fear,0.1,0.96,0.7,0.45
103,joy,0.3,0.43,0.89,0.28
3097,sadness,0.41,0.29,0.05,0.96
3322,sadness,0.46,0.37,0.12,0.88
965,fear,0.01,1.0,0.72,0.5
2610,anger,0.9,0.13,0.25,0.48
668,joy,0.05,0.45,1.0,0.04
2177,anger,0.95,0.07,0.19,0.47
955,fear,0.03,0.99,0.76,0.38
3603,sadness,0.18,0.65,0.27,0.85
2333,anger,0.92,0.11,0.25,0.44
1510,fear,0.14,0.9,0.38,0.67
1809,fear,0.07,0.98,0.56,0.55
3429,sadness,0.46,0.41,0.26,0.82
1983,anger,0.96,0.06,0.18,0.43
20,joy,0.08,0.57,0.99,0.06
164,joy,0.19,0.45,0.97,0.11
2366,anger,0.99,0.01,0.12,0.28
2061,anger,0.78,0.47,0.22,0.4
1589,fear,0.12,0.94,0.54,0.56
3595,sadness,0.44,0.43,0.3,0.82
1031,fear,0.06,0.99,0.53,0.55
942,fear,0.06,0.98,0.66,0.49
2357,anger,0.98,0.03,0.12,0.38
2653,anger,0.88,0.13,0.33,0.43
1470,fear,0.14,0.96,0.63,0.41
3067,sadness,0.32,0.53,0.21,0.8
3606,sadness,0.4,0.41,0.1,0.9
2406,anger,0.93,0.13,0.22,0.35
40,joy,0.19,0.43,0.97,0.16
2104,anger,0.95,0.05,0.29,0.36
228,joy,0.03,0.54,1.0,0.04
536,joy,0.08,0.61,0.99,0.07
2436,anger,0.94,0.09,0.22,0.42
1678,fear,0.06,0.98,0.77,0.39
2613,anger,0.97,0.05,0.22,0.26
2724,anger,0.89,0.15,0.22,0.49
3217,sadness,0.47,0.39,0.24,0.84
3346,sadness,0.43,0.39,0.18,0.87
1684,fear,0.09,0.97,0.69,0.44
53,joy,0.11,0.32,1.0,0.04
3522,sadness,0.41,0.43,0.24,0.81
2952,sadness,0.45,0.33,0.12,0.91
2252,anger,0.97,0.05,0.19,0.4
459,joy,0.04,0.49,1.0,0.05
1555,fear,0.02,1.0,0.66,0.46
3364,sadness,0.44,0.37,0.16,0.86
996,fear,0.01,1.0,0.83,0.47
1316,fear,0.1,0.94,0.64,0.53
2974,sadness,0.44,0.31,0.08,0.93
3423,sadness,0.66,0.26,0.09,0.9
2949,sadness,0.35,0.41,0.15,0.88
3132,sadness,0.39,0.42,0.14,0.89
3187,sadness,0.79,0.18,0.1,0.84
658,joy,0.13,0.44,0.98,0.12
1403,sadness,0.26,0.68,0.34,0.71
1754,fear,0.28,0.81,0.53,0.5
2346,anger,0.9,0.11,0.21,0.54
3477,sadness,0.35,0.51,0.21,0.84
2277,anger,0.83,0.19,0.3,0.5
1513,fear,0.11,0.91,0.41,0.7
3226,sadness,0.5,0.29,0.07,0.94
2800,anger,0.85,0.18,0.3,0.46
1591,fear,0.22,0.88,0.56,0.48
2098,anger,0.99,0.01,0.09,0.35
643,joy,0.13,0.45,0.98,0.12
1391,sadness,0.12,0.78,0.2,0.86
2121,anger,0.85,0.16,0.3,0.47
2941,sadness,0.47,0.45,0.34,0.74
884,fear,0.02,1.0,0.78,0.42
1881,fear,0.16,0.93,0.6,0.45
1792,fear,0.18,0.91,0.54,0.52
1146,fear,0.01,1.0,0.74,0.41
2197,anger,0.97,0.05,0.2,0.36
2141,anger,0.92,0.11,0.19,0.5
2572,anger,0.97,0.05,0.22,0.29
2040,anger,0.92,0.09,0.3,0.39
773,joy,0.08,0.45,0.99,0.26
1894,fear,0.23,0.81,0.57,0.53
1819,fear,0.02,1.0,0.8,0.43
1066,fear,0.04,1.0,0.65,0.36
1238,fear,0.21,0.87,0.62,0.48
1401,fear,0.26,0.84,0.56,0.47
2321,anger,0.87,0.13,0.34,0.42
1158,fear,0.02,1.0,0.7,0.51
1093,fear,0.08,0.96,0.77,0.42
1687,fear,0.26,0.84,0.52,0.51
2570,anger,0.89,0.13,0.31,0.47
2753,anger,0.82,0.16,0.41,0.43
1043,fear,0.1,0.96,0.48,0.58
1326,fear,0.01,1.0,0.8,0.41
2637,anger,0.93,0.12,0.2,0.45
3049,sadness,0.35,0.6,0.19,0.81
1879,fear,0.08,0.98,0.59,0.49
1310,fear,0.13,0.94,0.63,0.47
1531,fear,0.05,0.99,0.7,0.45
2031,anger,0.97,0.06,0.15,0.45
2657,anger,0.99,0.02,0.13,0.35
2984,sadness,0.46,0.43,0.24,0.76
156,joy,0.14,0.29,0.99,0.07
3492,sadness,0.53,0.42,0.33,0.7
3224,sadness,0.43,0.47,0.22,0.8
280,joy,0.05,0.58,1.0,0.07
379,joy,0.27,0.41,0.94,0.15
48,joy,0.08,0.66,0.99,0.13
2139,anger,0.79,0.22,0.27,0.58
3289,sadness,0.47,0.44,0.32,0.73
2811,anger,0.94,0.07,0.23,0.45
1834,fear,0.1,0.98,0.56,0.42
492,joy,0.16,0.32,0.99,0.05
1828,fear,0.16,0.91,0.74,0.36
646,joy,0.12,0.53,0.99,0.07
3273,sadness,0.45,0.37,0.17,0.84
1056,fear,0.07,0.97,0.55,0.61
3348,sadness,0.29,0.49,0.1,0.9
3238,sadness,0.46,0.4,0.16,0.85
911,fear,0.22,0.86,0.51,0.54
3241,sadness,0.39,0.49,0.28,0.79
3396,sadness,0.47,0.33,0.12,0.9
2815,anger,0.97,0.03,0.35,0.28
676,joy,0.14,0.47,0.98,0.1
1918,fear,0.06,0.98,0.51,0.58
1040,fear,0.06,0.98,0.52,0.61
61,joy,0.42,0.21,0.93,0.14
2829,sadness,0.37,0.59,0.41,0.63
2205,anger,0.93,0.11,0.2,0.45
2609,anger,0.92,0.1,0.24,0.47
3192,sadness,0.21,0.66,0.24,0.85
1247,sadness,0.19,0.64,0.22,0.86
3213,sadness,0.6,0.32,0.11,0.87
135,joy,0.19,0.48,0.97,0.12
549,joy,0.05,0.37,1.0,0.02
3518,sadness,0.47,0.4,0.28,0.84
207,joy,0.42,0.34,0.87,0.21
1712,sadness,0.33,0.62,0.4,0.65
360,joy,0.05,0.75,0.99,0.09
1823,fear,0.12,0.96,0.61,0.46
374,joy,0.03,0.64,1.0,0.03
1673,fear,0.29,0.81,0.55,0.48
153,joy,0.34,0.57,0.72,0.42
1077,anger,0.65,0.61,0.45,0.25
3608,sadness,0.32,0.53,0.3,0.82
3383,sadness,0.43,0.42,0.25,0.8
572,joy,0.2,0.49,0.95,0.2
2281,anger,0.86,0.17,0.31,0.43
1427,fear,0.0,1.0,0.85,0.42
304,joy,0.18,0.49,0.93,0.37
1144,fear,0.06,0.98,0.58,0.56
3482,sadness,0.52,0.4,0.13,0.84
1697,fear,0.05,0.98,0.77,0.41
1014,fear,0.33,0.85,0.44,0.44
2196,anger,0.83,0.25,0.27,0.47
1670,fear,0.08,0.97,0.65,0.49
1919,fear,0.1,0.93,0.52,0.63
3057,sadness,0.29,0.45,0.11,0.92
2561,anger,0.85,0.18,0.31,0.46
3599,sadness,0.4,0.47,0.22,0.8
838,fear,0.05,0.98,0.68,0.55
1626,fear,0.02,1.0,0.73,0.47
1167,fear,0.07,0.99,0.47,0.47
2358,anger,0.9,0.17,0.21,0.45
1748,fear,0.21,0.88,0.56,0.51
3540,sadness,0.33,0.47,0.22,0.87
2666,anger,0.94,0.06,0.31,0.37
1343,fear,0.0,1.0,0.87,0.41
565,joy,0.23,0.37,0.96,0.13
1877,fear,0.14,0.91,0.6,0.54
146,joy,0.06,0.8,0.98,0.2
1740,fear,0.09,0.97,0.5,0.57
2250,anger,0.86,0.16,0.26,0.53
58,joy,0.25,0.34,0.97,0.11
2230,anger,0.97,0.05,0.2,0.41
1524,fear,0.08,0.98,0.53,0.52
902,fear,0.15,0.92,0.52,0.57
2161,anger,0.83,0.4,0.26,0.3
556,joy,0.25,0.53,0.92,0.21
812,joy,0.28,0.46,0.76,0.56
1705,fear,0.23,0.84,0.67,0.42
145,joy,0.13,0.62,0.96,0.22
3308,sadness,0.67,0.28,0.12,0.87
3584,sadness,0.5,0.4,0.25,0.79
2072,anger,0.96,0.06,0.26,0.29
3222,sadness,0.35,0.44,0.19,0.88
2512,anger,0.84,0.18,0.31,0.47
2136,anger,0.96,0.06,0.15,0.51
2242,anger,0.94,0.09,0.19,0.5
3391,sadness,0.34,0.43,0.19,0.89
966,fear,0.01,1.0,0.75,0.48
2050,anger,0.96,0.08,0.19,0.35
2697,anger,0.91,0.12,0.26,0.43
2788,anger,0.92,0.15,0.22,0.38
3016,sadness,0.28,0.48,0.07,0.93
1580,fear,0.08,0.97,0.57,0.53
505,joy,0.04,0.49,1.0,0.08
2835,fear,0.05,0.97,0.15,0.87
1701,fear,0.18,0.86,0.55,0.57
512,joy,0.24,0.4,0.94,0.19
220,joy,0.06,0.41,1.0,0.05
1208,fear,0.06,0.98,0.65,0.51
497,joy,0.35,0.17,0.97,0.09
2817,anger,0.8,0.24,0.33,0.46
2374,anger,0.92,0.08,0.28,0.41
1498,fear,0.02,1.0,0.62,0.62
3497,sadness,0.38,0.5,0.26,0.75
1463,fear,0.04,0.99,0.64,0.54
1812,fear,0.04,0.99,0.7,0.52
540,joy,0.04,0.76,0.99,0.1
1197,fear,0.01,1.0,0.81,0.51
3281,sadness,0.27,0.57,0.15,0.89
1406,fear,0.18,0.89,0.57,0.55
1630,fear,0.03,1.0,0.73,0.42
2765,sadness,0.82,0.14,0.11,0.84
1663,fear,0.22,0.87,0.53,0.51
2555,anger,0.95,0.07,0.2,0.49
2993,fear,0.16,0.82,0.3,0.77
1916,fear,0.12,0.94,0.72,0.44
2734,anger,0.79,0.23,0.29,0.55
1869,fear,0.07,0.97,0.78,0.42
1003,fear,0.01,1.0,0.7,0.49
1152,fear,0.01,1.0,0.8,0.5
2791,anger,0.77,0.29,0.36,0.42
3227,sadness,0.47,0.36,0.14,0.87
1865,fear,0.08,0.97,0.6,0.56
2059,anger,0.92,0.11,0.24,0.48
3157,sadness,0.49,0.42,0.3,0.75
2134,anger,0.69,0.49,0.31,0.42
1848,fear,0.15,0.86,0.85,0.34
2872,sadness,0.42,0.4,0.11,0.9
1029,fear,0.06,0.98,0.63,0.5
3173,sadness,0.37,0.39,0.12,0.92
1098,fear,0.18,0.87,0.6,0.54
3553,sadness,0.25,0.53,0.18,0.88
2953,sadness,0.36,0.49,0.25,0.82
3083,sadness,0.07,0.88,0.12,0.92
2118,anger,0.86,0.17,0.24,0.53
1142,fear,0.02,1.0,0.77,0.43
272,joy,0.14,0.47,0.97,0.24
1889,sadness,0.29,0.51,0.17,0.87
896,fear,0.4,0.66,0.25,0.64
2748,anger,0.73,0.29,0.36,0.51
625,joy,0.11,0.63,0.96,0.3
1355,fear,0.04,0.99,0.74,0.32
488,joy,0.03,0.45,1.0,0.02
1704,fear,0.19,0.88,0.61,0.5
819,joy,0.12,0.45,0.98,0.16
1664,fear,0.18,0.83,0.49,0.64
1660,fear,0.11,0.95,0.64,0.49
471,joy,0.16,0.46,0.97,0.18
6,joy,0.05,0.29,1.0,0.02
3141,sadness,0.37,0.52,0.4,0.74
768,joy,0.11,0.47,0.99,0.12
2012,anger,0.98,0.03,0.13,0.39
2602,anger,0.91,0.07,0.37,0.37
1058,fear,0.04,0.99,0.68,0.44
1261,fear,0.01,1.0,0.82,0.42
343,joy,0.03,0.48,1.0,0.02
934,fear,0.02,0.99,0.8,0.55
1110,fear,0.29,0.75,0.48,0.57
248,joy,0.14,0.6,0.96,0.2
1560,fear,0.03,1.0,0.67,0.48
318,joy,0.28,0.55,0.87,0.25
2020,anger,0.8,0.21,0.39,0.46
2646,anger,0.91,0.12,0.45,0.22
50,joy,0.1,0.57,0.99,0.1
2917,sadness,0.37,0.47,0.26,0.8
3494,sadness,0.45,0.44,0.29,0.72
1965,fear,0.08,0.97,0.65,0.51
503,joy,0.2,0.44,0.96,0.23
764,joy,0.31,0.32,0.95,0.12
3140,sadness,0.4,0.53,0.32,0.73
2082,anger,0.95,0.06,0.25,0.34
3601,sadness,0.38,0.47,0.24,0.79
1533,anger,0.89,0.17,0.4,0.27
3381,sadness,0.55,0.35,0.18,0.83
3471,sadness,0.26,0.59,0.17,0.87
1897,fear,0.07,0.98,0.58,0.58
2995,sadness,0.26,0.52,0.13,0.9
219,joy,0.11,0.67,0.96,0.21
2004,anger,0.88,0.15,0.29,0.43
1306,fear,0.11,0.97,0.46,0.55
1413,fear,0.24,0.85,0.53,0.5
3096,sadness,0.42,0.51,0.2,0.78
1411,fear,0.01,1.0,0.58,0.61
2559,anger,0.92,0.1,0.28,0.39
698,joy,0.14,0.49,0.98,0.12
2132,anger,0.79,0.24,0.35,0.47
1903,fear,0.07,0.98,0.69,0.43
43,joy,0.04,0.72,0.99,0.1
2023,anger,0.96,0.06,0.21,0.44
2264,anger,0.91,0.15,0.24,0.4
702,joy,0.06,0.78,0.97,0.25
1679,fear,0.17,0.89,0.68,0.46
9,joy,0.09,0.62,0.99,0.09
1231,fear,0.06,0.98,0.75,0.43
2075,anger,0.79,0.25,0.38,0.43
108,joy,0.11,0.18,1.0,0.03
1767,fear,0.31,0.7,0.4,0.62
2636,anger,0.78,0.21,0.22,0.67
1426,fear,0.17,0.87,0.39,0.67
3254,sadness,0.32,0.54,0.22,0.81
3210,sadness,0.52,0.36,0.18,0.82
3010,sadness,0.34,0.53,0.28,0.78
2973,sadness,0.4,0.52,0.23,0.73
1644,fear,0.33,0.74,0.53,0.51
420,joy,0.24,0.42,0.95,0.18
2409,anger,0.98,0.03,0.12,0.38
2671,anger,0.94,0.06,0.3,0.4
618,joy,0.13,0.48,0.97,0.2
147,joy,0.28,0.48,0.91,0.2
2604,anger,0.98,0.03,0.2,0.24
652,joy,0.2,0.56,0.88,0.47
2494,anger,0.87,0.18,0.21,0.54
382,joy,0.35,0.3,0.91,0.27
3436,sadness,0.18,0.68,0.18,0.86
150,joy,0.54,0.14,0.93,0.13
3104,sadness,0.53,0.36,0.12,0.86
1101,fear,0.19,0.89,0.55,0.54
1855,fear,0.17,0.91,0.58,0.49
442,joy,0.11,0.49,0.99,0.13
2550,anger,0.89,0.17,0.25,0.41
2282,anger,0.83,0.2,0.33,0.47
2085,anger,0.91,0.11,0.28,0.43
1963,fear,0.06,0.98,0.67,0.52
2504,anger,0.73,0.24,0.48,0.47
31,joy,0.04,0.4,1.0,0.03
2930,sadness,0.46,0.45,0.33,0.7
1656,fear,0.02,1.0,0.88,0.4
2807,anger,0.95,0.06,0.19,0.49
2517,anger,0.85,0.19,0.29,0.45
1460,fear,0.19,0.87,0.61,0.49
2516,anger,0.84,0.16,0.56,0.22
1791,fear,0.26,0.82,0.57,0.51
2215,anger,0.99,0.02,0.11,0.32
671,joy,0.05,0.62,1.0,0.04
3567,sadness,0.43,0.47,0.19,0.76
2135,anger,0.9,0.13,0.27,0.44
149,joy,0.11,0.51,0.99,0.12
568,joy,0.07,0.66,0.99,0.11
2858,sadness,0.47,0.4,0.24,0.79
1177,fear,0.03,0.99,0.83,0.53
2362,anger,0.86,0.19,0.4,0.3
2830,sadness,0.19,0.6,0.1,0.92
2095,sadness,0.79,0.18,0.1,0.84
252,joy,0.11,0.23,1.0,0.05
858,fear,0.29,0.8,0.49,0.52
1698,fear,0.02,0.99,0.69,0.54
3305,sadness,0.37,0.3,0.05,0.96
211,joy,0.07,0.71,0.98,0.18
593,joy,0.09,0.65,0.98,0.15
559,joy,0.09,0.56,0.99,0.14
90,joy,0.06,0.66,0.99,0.07
1836,fear,0.08,0.94,0.64,0.58
473,joy,0.03,0.48,1.0,0.02
3507,sadness,0.64,0.33,0.29,0.68
3329,sadness,0.56,0.35,0.19,0.83
2971,sadness,0.37,0.5,0.26,0.76
2465,anger,0.92,0.1,0.24,0.48
2808,anger,0.95,0.07,0.18,0.44
551,joy,0.11,0.64,0.95,0.32
1962,fear,0.09,0.95,0.62,0.55
394,joy,0.31,0.32,0.96,0.11
3572,sadness,0.4,0.38,0.18,0.89
3169,sadness,0.45,0.44,0.27,0.73
3503,sadness,0.54,0.4,0.2,0.77
1373,fear,0.2,0.89,0.54,0.5
1685,fear,0.17,0.9,0.65,0.46
3414,sadness,0.42,0.41,0.17,0.87
517,joy,0.16,0.52,0.97,0.14
2547,anger,0.83,0.2,0.29,0.51
2831,sadness,0.33,0.43,0.12,0.9
1851,fear,0.48,0.68,0.45,0.43
3532,sadness,0.42,0.39,0.16,0.88
2869,sadness,0.45,0.42,0.25,0.76
1786,fear,0.07,0.98,0.65,0.51
3374,sadness,0.29,0.56,0.26,0.85
2195,anger,0.94,0.06,0.32,0.41
3100,sadness,0.4,0.53,0.34,0.69
65,joy,0.25,0.38,0.95,0.14
3291,sadness,0.5,0.4,0.25,0.82
798,joy,0.14,0.57,0.97,0.23
1640,fear,0.13,0.9,0.5,0.63
1041,fear,0.02,1.0,0.6,0.54
2447,anger,0.96,0.05,0.21,0.41
883,fear,0.05,0.99,0.72,0.46
3048,sadness,0.53,0.33,0.18,0.87
2939,sadness,0.41,0.43,0.18,0.85
937,fear,0.09,0.96,0.66,0.49
3610,sadness,0.37,0.39,0.1,0.91
3551,sadness,0.27,0.54,0.14,0.89
3371,sadness,0.39,0.41,0.19,0.85
354,joy,0.04,0.53,1.0,0.05
2732,anger,0.84,0.18,0.34,0.47
1297,fear,0.01,1.0,0.83,0.4
2486,sadness,0.51,0.49,0.34,0.68
3426,sadness,0.32,0.47,0.19,0.89
3162,sadness,0.5,0.41,0.28,0.74
2717,anger,0.99,0.01,0.12,0.32
2157,anger,0.82,0.17,0.18,0.72
15,joy,0.34,0.43,0.86,0.25
3091,sadness,0.38,0.33,0.07,0.96
3045,sadness,0.49,0.45,0.28,0.7
327,joy,0.03,0.48,1.0,0.02
2086,anger,0.9,0.13,0.27,0.4
3582,sadness,0.58,0.4,0.35,0.65
1480,fear,0.07,0.98,0.71,0.43
1385,fear,0.29,0.84,0.55,0.43
627,joy,0.13,0.35,0.99,0.06
1096,fear,0.03,0.99,0.59,0.67
1022,fear,0.04,0.99,0.67,0.53
845,fear,0.03,0.99,0.84,0.42
3038,sadness,0.29,0.56,0.33,0.82
3275,sadness,0.38,0.55,0.3,0.76
748,joy,0.27,0.34,0.97,0.1
1039,fear,0.16,0.92,0.58,0.51
2461,anger,0.69,0.34,0.38,0.5
3402,sadness,0.36,0.53,0.26,0.78
1175,fear,0.32,0.79,0.55,0.46
2386,anger,0.76,0.26,0.25,0.6
2338,anger,0.75,0.26,0.39,0.49
2000,anger,0.88,0.16,0.2,0.54
227,joy,0.17,0.5,0.95,0.26
244,joy,0.19,0.56,0.92,0.27
2411,anger,0.7,0.32,0.29,0.6
3338,sadness,0.31,0.54,0.24,0.79
2307,anger,0.94,0.07,0.28,0.4
3237,sadness,0.56,0.33,0.19,0.85
1268,fear,0.02,1.0,0.57,0.64
1434,fear,0.18,0.91,0.67,0.42
642,joy,0.16,0.51,0.96,0.21
1410,fear,0.13,0.96,0.62,0.45
402,joy,0.1,0.57,0.99,0.12
1893,fear,0.01,1.0,0.75,0.49
387,joy,0.02,0.49,1.0,0.02
2074,anger,0.93,0.09,0.23,0.48
2039,anger,0.86,0.16,0.19,0.6
927,fear,0.03,0.99,0.72,0.49
296,joy,0.07,0.8,0.95,0.36
2078,anger,0.91,0.13,0.23,0.42
3405,sadness,0.47,0.44,0.32,0.72
2185,anger,0.95,0.06,0.33,0.24
2682,anger,0.93,0.08,0.33,0.34
3463,sadness,0.43,0.35,0.07,0.93
3401,sadness,0.59,0.34,0.23,0.79
1387,fear,0.09,0.96,0.47,0.62
67,joy,0.05,0.46,1.0,0.04
2482,anger,0.9,0.13,0.18,0.54
1846,fear,0.34,0.65,0.48,0.59
917,fear,0.1,0.96,0.71,0.41
3290,sadness,0.33,0.47,0.1,0.9
666,joy,0.16,0.19,1.0,0.04
3495,sadness,0.5,0.41,0.21,0.81
3063,sadness,0.37,0.43,0.21,0.86
3398,sadness,0.44,0.45,0.27,0.75
1509,fear,0.22,0.86,0.65,0.41
2313,anger,0.95,0.08,0.3,0.26
2838,sadness,0.45,0.39,0.17,0.85
2010,anger,0.89,0.15,0.24,0.5
1089,fear,0.25,0.79,0.66,0.46
113,joy,0.06,0.39,1.0,0.06
2704,anger,0.97,0.04,0.19,0.35
2140,anger,0.99,0.01,0.1,0.32
230,joy,0.26,0.49,0.93,0.17
3119,sadness,0.37,0.49,0.32,0.78
1275,fear,0.06,0.98,0.62,0.5
2944,sadness,0.47,0.39,0.22,0.8
1811,fear,0.28,0.73,0.35,0.67
3427,sadness,0.36,0.44,0.14,0.9
1280,fear,0.1,0.94,0.62,0.55
1788,fear,0.02,1.0,0.69,0.43
460,joy,0.03,0.48,1.0,0.02
3203,sadness,0.39,0.49,0.29,0.73
2244,anger,0.87,0.15,0.32,0.43
480,joy,0.06,0.7,0.99,0.12
1203,fear,0.22,0.76,0.37,0.72
22,joy,0.09,0.42,0.99,0.07
1604,fear,0.12,0.92,0.77,0.42
681,joy,0.18,0.67,0.91,0.29
1525,fear,0.03,0.99,0.72,0.49
1143,fear,0.11,0.95,0.49,0.56
1906,fear,0.11,0.95,0.49,0.57
326,joy,0.02,0.5,1.0,0.01
1772,fear,0.11,0.96,0.48,0.56
1806,fear,0.07,0.98,0.65,0.44
1989,anger,0.75,0.26,0.2,0.7
1287,fear,0.16,0.92,0.7,0.39
2247,anger,0.69,0.34,0.35,0.52
3252,sadness,0.35,0.51,0.22,0.8
1696,fear,0.02,0.97,0.69,0.72
2424,anger,0.99,0.02,0.11,0.36
2062,anger,0.98,0.03,0.15,0.4
1896,fear,0.03,0.99,0.64,0.54
2318,anger,0.76,0.27,0.36,0.5
2239,anger,0.99,0.01,0.11,0.34
1839,fear,0.12,0.92,0.34,0.72
962,fear,0.14,0.93,0.62,0.51
2870,sadness,0.09,0.8,0.17,0.91
2679,anger,0.92,0.07,0.34,0.36
695,joy,0.29,0.48,0.9,0.26
2345,anger,0.84,0.16,0.28,0.56
2708,anger,0.88,0.13,0.32,0.41
3257,sadness,0.28,0.52,0.14,0.91
888,fear,0.02,1.0,0.73,0.54
3193,sadness,0.52,0.43,0.32,0.68
377,joy,0.21,0.23,0.98,0.14
1489,fear,0.03,0.99,0.32,0.77
251,joy,0.02,0.5,1.0,0.01
2506,anger,0.91,0.06,0.59,0.26
3170,sadness,0.14,0.71,0.24,0.87
2772,anger,0.81,0.21,0.34,0.48
1082,fear,0.05,0.98,0.76,0.47
3417,sadness,0.44,0.49,0.31,0.72
802,joy,0.14,0.35,0.99,0.06
3264,sadness,0.53,0.29,0.13,0.9
2276,anger,0.97,0.05,0.17,0.43
948,fear,0.03,0.99,0.61,0.53
3098,sadness,0.3,0.45,0.06,0.94
2553,anger,0.88,0.14,0.33,0.43
3489,sadness,0.47,0.37,0.17,0.84
684,joy,0.42,0.33,0.85,0.27
1777,fear,0.41,0.61,0.5,0.54
3550,sadness,0.42,0.44,0.22,0.81
1417,fear,0.0,1.0,0.85,0.46
1059,fear,0.01,1.0,0.79,0.47
2874,sadness,0.38,0.47,0.17,0.86
1363,fear,0.27,0.81,0.53,0.52
138,joy,0.31,0.52,0.84,0.31
1860,fear,0.19,0.9,0.49,0.54
1361,fear,0.01,1.0,0.71,0.48
3605,sadness,0.44,0.3,0.04,0.95
1597,fear,0.09,0.98,0.63,0.31
2959,sadness,0.38,0.49,0.27,0.78
3541,sadness,0.24,0.56,0.31,0.86
3201,sadness,0.48,0.4,0.24,0.83
1764,fear,0.25,0.78,0.53,0.56
369,joy,0.16,0.51,0.97,0.15
2839,sadness,0.24,0.5,0.12,0.9
2320,anger,0.76,0.24,0.34,0.52
2740,anger,0.96,0.06,0.19,0.36
820,joy,0.18,0.45,0.98,0.14
1337,fear,0.2,0.93,0.32,0.59
30,joy,0.03,0.62,1.0,0.03
1080,fear,0.02,0.99,0.67,0.62
2158,anger,0.89,0.25,0.25,0.33
1078,fear,0.2,0.89,0.58,0.47
3061,sadness,0.49,0.27,0.09,0.93
206,joy,0.08,0.51,0.99,0.14
1198,fear,0.05,0.98,0.6,0.58
2304,anger,0.98,0.03,0.25,0.25
2455,anger,0.89,0.14,0.3,0.41
3592,sadness,0.48,0.43,0.3,0.79
717,joy,0.37,0.46,0.77,0.43
1612,fear,0.06,0.99,0.54,0.48
1750,fear,0.11,0.96,0.63,0.49
1398,fear,0.04,0.99,0.72,0.46
2588,anger,0.85,0.15,0.35,0.42
2812,anger,0.83,0.2,0.22,0.57
644,joy,0.05,0.45,1.0,0.04
1749,fear,0.31,0.76,0.61,0.45
2453,anger,0.86,0.16,0.3,0.48
3228,sadness,0.57,0.34,0.25,0.79
3415,sadness,0.2,0.58,0.14,0.91
2730,anger,0.94,0.1,0.25,0.37
3543,sadness,0.39,0.48,0.17,0.88
3236,sadness,0.52,0.41,0.33,0.72
57,joy,0.05,0.81,0.99,0.13
2193,anger,0.96,0.06,0.18,0.43
1929,fear,0.1,0.95,0.44,0.65
499,joy,0.1,0.44,0.99,0.18
2190,anger,0.87,0.23,0.26,0.42
1204,fear,0.19,0.88,0.54,0.53
1336,fear,0.01,1.0,0.72,0.55
3029,sadness,0.36,0.55,0.24,0.82
1845,fear,0.22,0.85,0.45,0.58
781,joy,0.14,0.42,0.98,0.14
2886,sadness,0.42,0.35,0.11,0.91
1300,fear,0.17,0.89,0.57,0.53
2433,anger,0.93,0.09,0.24,0.43
807,joy,0.06,0.59,0.99,0.16
1888,fear,0.46,0.57,0.5,0.51
1113,fear,0.05,0.99,0.62,0.49
1154,fear,0.03,0.99,0.71,0.51
3166,sadness,0.46,0.36,0.16,0.89
3545,sadness,0.21,0.54,0.1,0.94
662,joy,0.35,0.36,0.9,0.26
2912,sadness,0.44,0.44,0.2,0.82
984,fear,0.23,0.84,0.57,0.5
3319,sadness,0.62,0.27,0.22,0.82
479,joy,0.17,0.26,0.99,0.11
876,fear,0.17,0.94,0.65,0.36
749,joy,0.3,0.48,0.88,0.25
131,joy,0.06,0.25,1.0,0.02
1370,fear,0.34,0.67,0.49,0.57
705,joy,0.33,0.47,0.83,0.3
2508,anger,0.83,0.2,0.27,0.53
980,fear,0.15,0.91,0.76,0.36
2413,anger,0.91,0.13,0.19,0.5
2240,anger,0.97,0.06,0.2,0.31
454,joy,0.04,0.38,1.0,0.02
1843,fear,0.05,0.97,0.54,0.65
1298,fear,0.03,0.98,0.55,0.7
2249,anger,0.97,0.05,0.19,0.43
1048,fear,0.08,0.97,0.7,0.45
482,joy,0.08,0.45,0.99,0.08
2094,anger,0.93,0.1,0.23,0.48
801,joy,0.03,0.91,0.99,0.1
2065,anger,0.92,0.12,0.24,0.42
905,sadness,0.13,0.67,0.09,0.94
1892,fear,0.14,0.93,0.55,0.52
261,joy,0.15,0.68,0.93,0.24
621,joy,0.04,0.56,1.0,0.09
324,joy,0.09,0.55,0.99,0.15
2245,anger,0.96,0.08,0.2,0.32
3422,sadness,0.34,0.45,0.14,0.9
3336,sadness,0.5,0.38,0.23,0.78
822,joy,0.1,0.69,0.97,0.17
1682,fear,0.06,0.97,0.59,0.57
910,fear,0.18,0.85,0.39,0.67
2270,anger,0.84,0.18,0.26,0.55
3453,anger,0.88,0.15,0.16,0.64
2220,anger,0.75,0.25,0.41,0.44
2283,anger,0.93,0.18,0.18,0.38
727,joy,0.23,0.39,0.95,0.23
2257,anger,0.93,0.09,0.24,0.44
2903,sadness,0.52,0.41,0.27,0.72
2221,anger,0.9,0.09,0.36,0.39
85,joy,0.03,0.39,1.0,0.02
440,joy,0.23,0.58,0.9,0.27
2376,anger,0.99,0.02,0.11,0.36
2640,anger,0.85,0.18,0.33,0.45
291,joy,0.04,0.7,0.99,0.14
2910,sadness,0.21,0.67,0.31,0.82
1602,fear,0.04,0.98,0.64,0.61
2781,anger,0.89,0.1,0.36,0.44
3117,sadness,0.5,0.41,0.26,0.76
707,joy,0.45,0.37,0.77,0.34
3212,sadness,0.5,0.37,0.16,0.82
1708,sadness,0.25,0.68,0.38,0.73
601,joy,0.08,0.48,0.99,0.09
2942,sadness,0.44,0.45,0.27,0.74
2212,anger,0.85,0.21,0.29,0.44
2234,anger,0.94,0.08,0.24,0.46
91,joy,0.19,0.5,0.95,0.18
2033,fear,0.46,0.55,0.53,0.52
1433,fear,0.04,0.99,0.4,0.66
2576,anger,0.96,0.06,0.2,0.4
3109,sadness,0.43,0.47,0.24,0.75
1842,fear,0.06,0.98,0.78,0.41
3295,sadness,0.53,0.36,0.23,0.82
1557,fear,0.05,0.99,0.7,0.44
605,joy,0.1,0.32,1.0,0.04
161,joy,0.15,0.51,0.97,0.14
3354,sadness,0.3,0.58,0.22,0.83
981,fear,0.04,0.99,0.76,0.41
1598,fear,0.07,0.98,0.49,0.55
2663,anger,0.75,0.31,0.39,0.42
490,joy,0.2,0.51,0.95,0.18
747,joy,0.09,0.65,0.98,0.15
114,joy,0.11,0.27,0.99,0.11
1472,fear,0.08,0.97,0.68,0.47
2755,anger,0.89,0.13,0.3,0.45
1011,fear,0.12,0.93,0.59,0.54
2325,anger,0.75,0.24,0.42,0.45
1617,fear,0.05,0.99,0.54,0.56
411,joy,0.17,0.52,0.95,0.2
2337,anger,0.81,0.21,0.41,0.39
166,joy,0.05,0.32,1.0,0.02
180,joy,0.27,0.63,0.87,0.25
1086,fear,0.2,0.97,0.48,0.33
3368,sadness,0.45,0.31,0.06,0.95
2405,anger,0.95,0.07,0.28,0.27
1688,fear,0.15,0.93,0.63,0.45
2544,anger,0.88,0.14,0.38,0.33
1631,fear,0.08,0.97,0.69,0.44
1429,fear,0.11,0.92,0.58,0.6
2049,anger,0.9,0.12,0.29,0.41
732,joy,0.19,0.51,0.95,0.17
2440,anger,0.92,0.17,0.26,0.3
3362,sadness,0.46,0.38,0.2,0.85
3587,sadness,0.48,0.46,0.27,0.75
1366,fear,0.12,0.96,0.68,0.38
18,joy,0.03,0.36,1.0,0.02
1587,fear,0.04,0.99,0.66,0.5
124,joy,0.24,0.27,0.97,0.17
969,fear,0.21,0.89,0.58,0.48
2199,anger,0.83,0.23,0.29,0.45
1006,fear,0.19,0.91,0.48,0.54
486,joy,0.23,0.39,0.96,0.17
3442,sadness,0.48,0.47,0.33,0.66
3000,sadness,0.28,0.48,0.05,0.95
640,joy,0.22,0.54,0.94,0.17
172,joy,0.13,0.63,0.96,0.18
1928,fear,0.22,0.84,0.66,0.46
289,joy,0.22,0.54,0.95,0.19
2022,anger,0.95,0.07,0.2,0.45
1495,fear,0.03,1.0,0.64,0.49
3559,sadness,0.44,0.48,0.28,0.74
3487,sadness,0.52,0.39,0.21,0.8
3218,sadness,0.53,0.37,0.26,0.8
2294,anger,0.91,0.17,0.21,0.4
1686,fear,0.05,0.99,0.42,0.64
943,fear,0.01,1.0,0.76,0.45
2911,sadness,0.36,0.44,0.22,0.85
2002,anger,0.93,0.11,0.2,0.45
1802,fear,0.08,0.98,0.65,0.39
576,joy,0.09,0.8,0.96,0.21
2051,anger,0.99,0.02,0.11,0.4
2219,anger,0.91,0.12,0.28,0.44
1202,fear,0.23,0.88,0.56,0.48
634,joy,0.29,0.32,0.94,0.19
1642,fear,0.07,0.98,0.68,0.46
112,joy,0.25,0.3,0.96,0.14
3011,sadness,0.48,0.39,0.2,0.79
2661,anger,0.88,0.15,0.28,0.47
2890,sadness,0.38,0.44,0.15,0.88
3085,sadness,0.12,0.73,0.06,0.95
1130,fear,0.1,0.97,0.63,0.46
926,fear,0.01,1.0,0.75,0.49
2425,anger,0.89,0.14,0.25,0.49
3462,sadness,0.53,0.38,0.25,0.75
1119,fear,0.01,1.0,0.85,0.42
371,joy,0.04,0.5,1.0,0.03
2256,anger,0.97,0.05,0.17,0.38
1657,sadness,0.15,0.71,0.19,0.87
2826,anger,0.74,0.32,0.29,0.53
3369,sadness,0.45,0.41,0.18,0.85
3092,sadness,0.34,0.53,0.27,0.78
321,joy,0.07,0.52,0.99,0.07
3428,sadness,0.41,0.47,0.34,0.76
2626,anger,0.72,0.32,0.34,0.49
3358,sadness,0.5,0.36,0.18,0.85
1312,fear,0.14,0.95,0.54,0.5
2513,anger,0.96,0.05,0.24,0.31
136,joy,0.16,0.32,0.98,0.16
2457,anger,0.9,0.15,0.24,0.43
842,fear,0.12,0.95,0.52,0.56
51,joy,0.03,0.51,1.0,0.03
1724,fear,0.14,0.93,0.64,0.46
2166,anger,0.9,0.16,0.17,0.53
2721,anger,0.81,0.21,0.32,0.51
2077,anger,0.82,0.21,0.28,0.52
2154,anger,0.86,0.18,0.24,0.52
851,fear,0.03,0.99,0.73,0.52
1551,fear,0.02,1.0,0.72,0.46
2439,anger,0.94,0.1,0.19,0.42
3021,sadness,0.41,0.53,0.34,0.7
78,joy,0.12,0.42,0.99,0.07
240,joy,0.48,0.32,0.81,0.25
1873,fear,0.01,1.0,0.78,0.52
32,joy,0.36,0.43,0.82,0.33
2583,anger,0.87,0.2,0.27,0.43
2624,anger,0.82,0.17,0.16,0.73
2011,anger,0.97,0.05,0.14,0.43
2668,anger,0.98,0.03,0.15,0.42
3160,sadness,0.34,0.49,0.2,0.81
1926,fear,0.01,1.0,0.94,0.37
726,joy,0.16,0.65,0.95,0.16
3527,sadness,0.56,0.34,0.2,0.81
468,joy,0.02,0.5,1.0,0.01
439,joy,0.02,0.44,1.0,0.01
3260,sadness,0.39,0.37,0.12,0.92
674,joy,0.13,0.3,0.99,0.09
295,joy,0.07,0.18,1.0,0.02
1088,fear,0.06,0.99,0.61,0.47
2538,anger,0.79,0.3,0.37,0.38
1646,fear,0.1,0.96,0.82,0.3
2253,anger,0.96,0.05,0.29,0.29
1713,fear,0.15,0.94,0.6,0.46
2181,anger,0.93,0.11,0.19,0.42
755,joy,0.03,0.79,1.0,0.08
1194,fear,0.09,0.98,0.68,0.39
346,joy,0.03,0.48,1.0,0.02
200,joy,0.1,0.46,0.99,0.05
700,joy,0.08,0.6,0.99,0.23
2503,anger,0.94,0.1,0.22,0.39
2664,anger,0.89,0.16,0.29,0.38
1223,fear,0.18,0.91,0.58,0.49
3438,sadness,0.47,0.4,0.23,0.84
3440,sadness,0.47,0.42,0.25,0.77
923,fear,0.23,0.87,0.36,0.61
750,joy,0.23,0.53,0.94,0.17
431,joy,0.17,0.62,0.93,0.26
2641,anger,0.98,0.03,0.15,0.4
2317,anger,0.81,0.22,0.33,0.49
2133,anger,0.95,0.1,0.17,0.37
2902,fear,0.24,0.74,0.34,0.72
1677,fear,0.03,0.99,0.75,0.54
759,joy,0.34,0.16,0.98,0.08
2477,anger,0.81,0.2,0.29,0.53
1129,fear,0.15,0.9,0.69,0.48
2854,sadness,0.42,0.4,0.16,0.85
936,fear,0.22,0.85,0.66,0.45
1821,fear,0.02,1.0,0.68,0.49
736,joy,0.12,0.42,0.99,0.1
1240,fear,0.09,0.95,0.68,0.51
2206,anger,0.9,0.17,0.21,0.45
2025,anger,0.81,0.23,0.27,0.54
2296,anger,0.94,0.09,0.18,0.46
104,joy,0.05,0.47,1.0,0.06
878,fear,0.04,0.98,0.77,0.52
2997,sadness,0.5,0.35,0.1,0.89
624,joy,0.06,0.47,1.0,0.08
761,joy,0.06,0.75,0.99,0.1
2630,anger,0.93,0.1,0.23,0.44
2982,sadness,0.43,0.45,0.22,0.83
314,joy,0.12,0.44,0.99,0.1
2628,anger,0.94,0.07,0.29,0.32
787,joy,0.35,0.36,0.9,0.2
597,joy,0.28,0.42,0.93,0.23
2261,anger,0.94,0.07,0.21,0.4
653,joy,0.2,0.53,0.93,0.31
428,joy,0.34,0.59,0.71,0.47
833,fear,0.04,0.99,0.5,0.68
3107,sadness,0.43,0.41,0.21,0.81
381,joy,0.07,0.51,1.0,0.07
2380,anger,0.95,0.07,0.28,0.34
1534,fear,0.02,0.99,0.72,0.57
2599,anger,0.98,0.04,0.14,0.39
1797,fear,0.16,0.9,0.53,0.54
2420,anger,0.89,0.13,0.21,0.54
2976,sadness,0.4,0.36,0.13,0.9
1422,fear,0.1,0.95,0.56,0.57
985,fear,0.07,0.98,0.65,0.46
1033,fear,0.23,0.86,0.51,0.52
3059,sadness,0.4,0.34,0.12,0.92
378,joy,0.25,0.54,0.93,0.22
1600,fear,0.01,1.0,0.78,0.45
1038,fear,0.03,0.99,0.79,0.43
2144,anger,0.86,0.16,0.27,0.52
477,joy,0.09,0.53,0.99,0.09
39,joy,0.07,0.55,1.0,0.05
1215,fear,0.06,0.97,0.63,0.62
3511,sadness,0.45,0.43,0.29,0.81
2126,anger,0.97,0.06,0.12,0.4
2511,anger,0.8,0.2,0.25,0.59
1508,fear,0.03,0.99,0.72,0.47
3376,sadness,0.3,0.4,0.09,0.93
299,joy,0.26,0.42,0.92,0.28
892,fear,0.02,0.99,0.81,0.42
533,joy,0.05,0.43,1.0,0.03
2590,anger,0.88,0.14,0.3,0.43
1180,fear,0.32,0.79,0.5,0.49
1655,sadness,0.18,0.65,0.27,0.85
3360,sadness,0.61,0.29,0.12,0.89
2064,anger,0.84,0.2,0.29,0.48
2048,anger,0.89,0.13,0.26,0.5
1744,fear,0.08,0.97,0.71,0.43
3090,sadness,0.34,0.53,0.4,0.78
991,fear,0.1,0.98,0.56,0.44
3207,sadness,0.43,0.36,0.15,0.91
2998,sadness,0.5,0.42,0.28,0.71
407,joy,0.03,0.48,1.0,0.02
558,joy,0.02,0.83,1.0,0.07
2273,anger,0.96,0.08,0.28,0.22
1621,fear,0.05,0.98,0.58,0.56
2813,anger,0.9,0.19,0.23,0.41
2861,sadness,0.46,0.32,0.13,0.91
2155,anger,0.97,0.05,0.18,0.38
3225,sadness,0.34,0.43,0.12,0.9
2162,anger,0.89,0.14,0.28,0.44
475,joy,0.3,0.42,0.92,0.17
2402,anger,0.88,0.18,0.28,0.38
1344,fear,0.24,0.77,0.61,0.54
2905,sadness,0.45,0.43,0.27,0.79
1776,fear,0.3,0.8,0.51,0.5
2045,anger,0.93,0.09,0.28,0.35
2660,anger,0.91,0.1,0.37,0.36
1680,fear,0.22,0.78,0.34,0.71
109,joy,0.04,0.5,1.0,0.1
2946,sadness,0.5,0.47,0.32,0.67
2820,sadness,0.7,0.28,0.23,0.71
2100,anger,0.87,0.19,0.28,0.45
2392,anger,0.96,0.06,0.19,0.43
2673,anger,0.98,0.04,0.18,0.27
1367,fear,0.09,0.97,0.51,0.55
2775,anger,0.92,0.11,0.28,0.36
971,fear,0.06,0.98,0.69,0.49
3262,sadness,0.43,0.42,0.32,0.8
608,joy,0.28,0.52,0.89,0.25
3105,sadness,0.24,0.55,0.17,0.89
722,joy,0.27,0.49,0.93,0.19
2152,anger,0.89,0.13,0.3,0.46
1456,fear,0.13,0.98,0.53,0.4
719,joy,0.12,0.51,0.99,0.1
1789,fear,0.32,0.78,0.5,0.49
763,joy,0.18,0.47,0.97,0.15
2120,anger,0.96,0.05,0.2,0.39
602,joy,0.26,0.53,0.93,0.19
2996,sadness,0.36,0.52,0.39,0.73
1794,fear,0.1,0.97,0.65,0.38
2006,anger,0.9,0.13,0.24,0.48
2694,anger,0.8,0.24,0.3,0.49
692,joy,0.08,0.45,0.99,0.11
3239,anger,0.79,0.22,0.18,0.68
1331,fear,0.02,1.0,0.69,0.47
3484,sadness,0.41,0.49,0.25,0.79
274,joy,0.09,0.75,0.98,0.09
1795,fear,0.03,0.99,0.61,0.55
3277,sadness,0.43,0.36,0.13,0.9
3047,sadness,0.35,0.45,0.14,0.89
1958,fear,0.22,0.85,0.57,0.52
334,joy,0.29,0.3,0.96,0.12
3464,sadness,0.37,0.5,0.28,0.78
2855,sadness,0.23,0.6,0.36,0.83
190,joy,0.19,0.43,0.98,0.11
2541,anger,0.9,0.11,0.3,0.41
808,joy,0.17,0.51,0.95,0.21
89,joy,0.1,0.62,0.98,0.2
579,joy,0.19,0.54,0.94,0.22
2586,anger,0.83,0.2,0.33,0.47
423,joy,0.08,0.77,0.97,0.2
782,joy,0.26,0.15,0.98,0.1
1188,fear,0.02,1.0,0.64,0.54
1501,fear,0.09,0.96,0.77,0.43
2871,sadness,0.49,0.4,0.25,0.77
259,joy,0.11,0.37,0.99,0.06
2709,anger,0.77,0.16,0.57,0.42
2594,anger,0.96,0.08,0.17,0.4
151,joy,0.03,0.41,1.0,0.03
779,joy,0.23,0.27,0.98,0.11
964,fear,0.06,0.97,0.86,0.32
1019,fear,0.07,0.95,0.54,0.67
1002,fear,0.05,0.99,0.74,0.36
2711,anger,0.82,0.21,0.34,0.43
2695,anger,0.81,0.38,0.32,0.3
2621,anger,0.9,0.23,0.15,0.44
1946,fear,0.12,0.92,0.35,0.72
2836,sadness,0.44,0.41,0.22,0.79
341,joy,0.38,0.34,0.89,0.21
186,joy,0.24,0.44,0.93,0.24
979,fear,0.15,0.92,0.53,0.57
1751,fear,0.03,0.99,0.82,0.49
3413,sadness,0.44,0.43,0.22,0.81
1650,fear,0.02,0.99,0.75,0.53
3534,sadness,0.49,0.4,0.22,0.81
1715,fear,0.07,0.98,0.7,0.42
1564,fear,0.03,0.99,0.7,0.55
2269,anger,0.81,0.2,0.38,0.44
2841,sadness,0.31,0.38,0.08,0.93
2533,anger,0.94,0.09,0.2,0.42
2279,anger,0.94,0.1,0.24,0.32
1747,fear,0.1,0.93,0.52,0.63
1798,fear,0.03,0.99,0.66,0.51
1009,fear,0.03,0.99,0.73,0.46
2936,sadness,0.3,0.56,0.47,0.76
2994,sadness,0.47,0.34,0.13,0.9
2925,sadness,0.36,0.49,0.21,0.81
1945,fear,0.13,0.94,0.62,0.49
897,fear,0.1,0.96,0.59,0.5
2577,anger,0.83,0.2,0.3,0.47
358,joy,0.04,0.65,1.0,0.06
2481,anger,0.8,0.18,0.41,0.45
3390,sadness,0.48,0.42,0.2,0.81
3103,sadness,0.4,0.41,0.19,0.87
894,fear,0.24,0.86,0.49,0.55
2216,anger,0.91,0.13,0.27,0.36
3576,sadness,0.82,0.14,0.11,0.84
2523,sadness,0.55,0.41,0.22,0.71
1716,fear,0.01,1.0,0.77,0.56
708,joy,0.09,0.68,0.97,0.29
3493,sadness,0.25,0.55,0.11,0.89
2228,anger,0.98,0.05,0.12,0.36
1957,fear,0.16,0.92,0.58,0.5
1329,fear,0.02,1.0,0.71,0.47
2675,anger,0.88,0.14,0.28,0.47
2718,anger,0.98,0.02,0.27,0.26
170,joy,0.27,0.38,0.94,0.17
1369,fear,0.15,0.91,0.58,0.54
3161,sadness,0.21,0.59,0.23,0.89
3568,sadness,0.58,0.32,0.13,0.85
2288,anger,0.96,0.1,0.16,0.37
3339,sadness,0.32,0.5,0.14,0.89
1980,anger,0.95,0.05,0.31,0.33
550,joy,0.22,0.39,0.97,0.11
1967,fear,0.23,0.84,0.61,0.5
1535,fear,0.03,0.99,0.58,0.56
3574,sadness,0.4,0.42,0.27,0.82
2864,sadness,0.18,0.8,0.19,0.82
110,joy,0.06,0.32,1.0,0.1
2827,sadness,0.41,0.37,0.14,0.87
3149,sadness,0.28,0.46,0.19,0.9
2751,anger,0.97,0.05,0.19,0.32
1516,fear,0.06,0.98,0.44,0.65
2089,anger,0.83,0.2,0.26,0.55
930,fear,0.07,0.98,0.69,0.46
660,joy,0.15,0.42,0.98,0.11
2237,anger,0.79,0.23,0.32,0.52
351,joy,0.03,0.48,1.0,0.02
743,joy,0.12,0.58,0.97,0.17
626,joy,0.22,0.43,0.96,0.16
916,fear,0.05,0.98,0.47,0.67
2915,sadness,0.56,0.35,0.2,0.81
1381,fear,0.22,0.9,0.56,0.42
0,joy,0.15,0.33,0.99,0.08
3566,sadness,0.28,0.59,0.19,0.86
995,fear,0.01,1.0,0.75,0.48
3144,sadness,0.42,0.46,0.38,0.76
1338,fear,0.34,0.84,0.44,0.44
436,joy,0.05,0.76,0.99,0.14
2696,anger,0.88,0.14,0.27,0.49
1184,fear,0.08,0.98,0.64,0.45
2754,anger,0.8,0.21,0.3,0.57
1328,fear,0.16,0.95,0.56,0.46
765,joy,0.09,0.72,0.96,0.29
691,joy,0.26,0.38,0.96,0.13
870,fear,0.11,0.97,0.57,0.46
548,joy,0.15,0.57,0.96,0.17
805,joy,0.27,0.38,0.97,0.1
797,joy,0.18,0.5,0.96,0.16
2331,anger,0.99,0.02,0.14,0.33
988,fear,0.12,0.94,0.57,0.54
1421,fear,0.06,0.98,0.42,0.68
1407,fear,0.23,0.84,0.48,0.57
1404,fear,0.2,0.87,0.56,0.52
2644,anger,0.77,0.24,0.31,0.57
266,joy,0.26,0.5,0.91,0.21
1565,fear,0.04,0.99,0.63,0.55
735,joy,0.13,0.32,0.99,0.11
3121,sadness,0.4,0.48,0.27,0.76
332,joy,0.02,0.5,1.0,0.01
3404,sadness,0.56,0.34,0.15,0.85
3188,sadness,0.25,0.54,0.1,0.91
3116,sadness,0.57,0.36,0.27,0.74
2169,anger,0.73,0.27,0.38,0.51
1191,fear,0.05,0.98,0.59,0.62
2263,anger,0.91,0.11,0.2,0.53
3536,sadness,0.36,0.57,0.25,0.76
2418,anger,0.91,0.12,0.29,0.37
3008,sadness,0.51,0.38,0.24,0.77
478,joy,0.1,0.63,0.98,0.17
2733,anger,0.87,0.18,0.26,0.46
929,fear,0.08,0.97,0.73,0.42
850,fear,0.02,0.99,0.85,0.43
336,joy,0.34,0.43,0.86,0.28
1081,fear,0.06,0.99,0.59,0.5
2326,anger,0.85,0.07,0.68,0.23
2985,sadness,0.36,0.51,0.23,0.83
1332,fear,0.15,0.95,0.64,0.39
1540,fear,0.16,0.92,0.62,0.47
1976,anger,0.99,0.02,0.13,0.34
106,joy,0.09,0.65,0.97,0.31
1083,fear,0.03,1.0,0.53,0.59
933,fear,0.16,0.9,0.65,0.5
806,joy,0.14,0.69,0.9,0.41
34,joy,0.16,0.45,0.97,0.18
2929,sadness,0.42,0.41,0.07,0.91
2889,sadness,0.53,0.47,0.35,0.63
2470,anger,0.89,0.16,0.19,0.51
319,joy,0.03,0.48,1.0,0.02
1205,fear,0.06,0.99,0.6,0.51
1770,fear,0.02,0.99,0.65,0.62
600,joy,0.09,0.52,0.99,0.12
191,joy,0.2,0.54,0.95,0.19
2090,anger,0.8,0.25,0.31,0.48
3060,sadness,0.4,0.41,0.23,0.83
1662,fear,0.28,0.8,0.49,0.53
3597,sadness,0.5,0.31,0.12,0.91
3558,sadness,0.44,0.45,0.31,0.74
1735,fear,0.02,0.98,0.45,0.78
2445,anger,0.82,0.29,0.3,0.42
3302,sadness,0.37,0.53,0.32,0.78
1618,fear,0.08,0.98,0.68,0.46
281,joy,0.09,0.39,1.0,0.04
939,fear,0.29,0.84,0.54,0.42
1568,fear,0.13,0.96,0.55,0.48
2961,sadness,0.37,0.42,0.1,0.92
2391,anger,0.91,0.12,0.26,0.46
2414,anger,0.93,0.1,0.28,0.36
3261,sadness,0.57,0.29,0.14,0.89
872,fear,0.02,1.0,0.67,0.5
1145,fear,0.24,0.85,0.59,0.47
2846,sadness,0.46,0.38,0.15,0.86
958,fear,0.07,0.97,0.65,0.52
3216,sadness,0.28,0.61,0.19,0.83
2810,anger,0.91,0.13,0.22,0.49
1603,fear,0.16,0.91,0.54,0.55
931,fear,0.02,1.0,0.73,0.41
3130,sadness,0.42,0.49,0.35,0.72
693,joy,0.07,0.63,0.99,0.15
3296,sadness,0.55,0.41,0.22,0.71
871,fear,0.05,0.96,0.43,0.74
2198,anger,0.94,0.08,0.21,0.48
3040,sadness,0.56,0.38,0.22,0.75
1862,fear,0.09,0.98,0.57,0.48
1491,fear,0.07,0.97,0.76,0.41
3064,sadness,0.45,0.45,0.28,0.76
3136,sadness,0.14,0.67,0.07,0.93
2170,anger,0.96,0.05,0.2,0.31
1169,fear,0.02,1.0,0.6,0.57
1901,fear,0.02,1.0,0.7,0.55
2498,anger,0.98,0.02,0.16,0.36
2267,anger,0.9,0.1,0.33,0.42
628,joy,0.22,0.55,0.92,0.22
3609,sadness,0.42,0.52,0.35,0.68
1105,fear,0.02,1.0,0.63,0.55
447,joy,0.23,0.56,0.9,0.27
315,joy,0.08,0.46,1.0,0.05
1931,fear,0.21,0.84,0.58,0.53
523,joy,0.07,0.7,0.99,0.15
789,joy,0.33,0.35,0.94,0.14
2896,sadness,0.52,0.4,0.25,0.77
3102,sadness,0.15,0.71,0.19,0.87
1347,fear,0.03,0.99,0.49,0.63
1691,fear,0.13,0.9,0.57,0.6
2521,anger,0.84,0.18,0.27,0.53
1431,fear,0.1,0.89,0.49,0.71
890,fear,0.04,0.99,0.67,0.49
3588,sadness,0.46,0.43,0.27,0.74
2891,sadness,0.51,0.41,0.27,0.72
425,joy,0.02,0.5,1.0,0.01
3435,sadness,0.34,0.44,0.12,0.91
2819,anger,0.91,0.12,0.26,0.43
2202,anger,0.83,0.18,0.43,0.35
1301,fear,0.01,1.0,0.74,0.46
1890,fear,0.31,0.79,0.54,0.48
2286,anger,0.94,0.09,0.19,0.44
1886,fear,0.02,1.0,0.79,0.44
738,joy,0.09,0.63,0.97,0.35
1149,fear,0.3,0.8,0.54,0.47
2323,anger,0.82,0.23,0.31,0.44
2897,sadness,0.42,0.35,0.08,0.93
1242,fear,0.2,0.89,0.54,0.52
1295,fear,0.11,0.93,0.57,0.58
1936,fear,0.08,0.96,0.56,0.59
1783,fear,0.07,0.98,0.5,0.58
656,joy,0.33,0.42,0.9,0.19
516,joy,0.14,0.71,0.94,0.23
1503,fear,0.12,0.94,0.6,0.53
2685,anger,0.88,0.13,0.32,0.42
974,fear,0.13,0.95,0.46,0.58
1206,fear,0.06,0.98,0.34,0.72
2428,anger,0.84,0.12,0.49,0.35
3219,sadness,0.41,0.41,0.2,0.86
3072,sadness,0.33,0.55,0.16,0.88
733,joy,0.15,0.51,0.98,0.1
3137,sadness,0.45,0.42,0.16,0.83
426,joy,0.14,0.6,0.96,0.18
2863,sadness,0.49,0.38,0.19,0.82
403,joy,0.06,0.66,0.99,0.15
1824,fear,0.05,0.99,0.51,0.57
3243,sadness,0.4,0.43,0.15,0.83
1475,sadness,0.43,0.55,0.35,0.69
484,joy,0.09,0.62,0.98,0.18
1514,fear,0.08,0.96,0.77,0.44
3114,sadness,0.21,0.66,0.15,0.86
1274,fear,0.08,0.96,0.61,0.53
673,joy,0.29,0.29,0.97,0.12
1506,fear,0.21,0.85,0.44,0.62
614,joy,0.13,0.51,0.99,0.09
869,fear,0.24,0.84,0.61,0.47
604,joy,0.3,0.25,0.95,0.23
1394,fear,0.07,0.97,0.6,0.57
3583,sadness,0.42,0.47,0.24,0.8
610,joy,0.21,0.54,0.9,0.37
270,joy,0.4,0.38,0.87,0.21
1471,fear,0.11,0.97,0.47,0.54
2851,sadness,0.45,0.33,0.13,0.89
2943,sadness,0.35,0.47,0.24,0.85
1481,fear,0.18,0.91,0.6,0.47
1296,fear,0.11,0.9,0.28,0.78
2979,sadness,0.26,0.53,0.14,0.91
1201,fear,0.01,1.0,0.84,0.39
1668,fear,0.05,0.99,0.64,0.48
224,joy,0.02,0.5,1.0,0.01
416,joy,0.29,0.41,0.94,0.16
33,joy,0.02,0.64,1.0,0.07
3476,sadness,0.45,0.44,0.32,0.76
383,joy,0.26,0.4,0.94,0.16
1234,fear,0.35,0.71,0.48,0.54
86,joy,0.27,0.56,0.87,0.29
208,joy,0.19,0.49,0.96,0.14
2703,anger,0.7,0.29,0.29,0.63
3342,sadness,0.55,0.38,0.26,0.77
1599,fear,0.13,0.92,0.53,0.56
201,joy,0.12,0.37,0.99,0.06
1993,anger,0.98,0.05,0.16,0.33
2894,sadness,0.42,0.44,0.24,0.84
3110,sadness,0.56,0.37,0.29,0.75
3094,sadness,0.47,0.45,0.33,0.69
636,joy,0.14,0.51,0.98,0.12
44,joy,0.28,0.31,0.95,0.15
121,joy,0.32,0.14,0.98,0.06
571,joy,0.33,0.39,0.9,0.21
2298,anger,0.76,0.27,0.32,0.53
2179,anger,0.93,0.11,0.23,0.39
2125,anger,0.82,0.22,0.31,0.46
2582,anger,0.79,0.32,0.43,0.32
2731,anger,0.89,0.14,0.25,0.47
1090,sadness,0.32,0.67,0.3,0.7
68,joy,0.06,0.24,1.0,0.03
42,joy,0.19,0.49,0.96,0.15
1994,anger,0.88,0.11,0.37,0.41
912,fear,0.05,0.99,0.61,0.52
978,fear,0.03,0.99,0.7,0.46
2014,anger,0.86,0.19,0.27,0.47
2684,anger,0.87,0.17,0.28,0.43
83,joy,0.18,0.5,0.97,0.12
12,joy,0.48,0.38,0.78,0.26
2231,anger,0.81,0.22,0.19,0.62
3312,sadness,0.38,0.51,0.2,0.84
2701,anger,0.86,0.14,0.35,0.47
1277,fear,0.05,0.99,0.41,0.65
2383,anger,0.82,0.22,0.29,0.5
1000,fear,0.1,0.98,0.64,0.38
1148,fear,0.32,0.73,0.49,0.55
2303,anger,0.96,0.05,0.2,0.35
241,fear,0.33,0.68,0.57,0.53
1624,fear,0.3,0.91,0.36,0.46
2319,anger,0.96,0.04,0.23,0.34
1838,fear,0.12,0.96,0.64,0.45
1288,fear,0.17,0.87,0.63,0.52
856,fear,0.09,0.97,0.68,0.45
1895,fear,0.02,0.99,0.68,0.56
1694,fear,0.03,0.99,0.78,0.4
309,joy,0.19,0.37,0.98,0.12
1187,fear,0.05,0.99,0.71,0.44
2029,anger,0.89,0.15,0.32,0.36
1305,fear,0.03,0.99,0.68,0.52
2848,sadness,0.48,0.4,0.24,0.77
957,fear,0.09,0.95,0.54,0.61
2683,anger,0.95,0.07,0.16,0.45
2160,anger,0.95,0.09,0.22,0.36
1730,fear,0.05,0.99,0.74,0.47
1286,fear,0.32,0.78,0.49,0.5
1658,fear,0.21,0.86,0.61,0.49
3095,sadness,0.46,0.38,0.15,0.88
1722,fear,0.13,0.94,0.62,0.5
2407,anger,0.76,0.23,0.2,0.69
3080,sadness,0.12,0.74,0.17,0.9
2054,anger,0.87,0.17,0.26,0.5
3457,sadness,0.19,0.63,0.15,0.9
944,fear,0.08,0.97,0.62,0.54
3041,fear,0.17,0.82,0.19,0.82
3315,sadness,0.4,0.41,0.16,0.88
3108,sadness,0.57,0.34,0.19,0.81
154,joy,0.26,0.51,0.88,0.3
1850,fear,0.21,0.87,0.62,0.48
1998,anger,0.85,0.19,0.25,0.51
1866,fear,0.29,0.78,0.57,0.5
921,fear,0.06,0.99,0.65,0.45
3445,sadness,0.5,0.42,0.31,0.72
1271,fear,0.13,0.95,0.53,0.52
2606,anger,0.8,0.21,0.35,0.48
1706,fear,0.09,0.96,0.61,0.57
333,joy,0.09,0.53,0.99,0.08
2373,anger,0.93,0.08,0.29,0.43
262,joy,0.1,0.51,0.98,0.22
3249,sadness,0.16,0.71,0.29,0.83
2415,anger,0.96,0.06,0.15,0.5
320,joy,0.07,0.71,0.99,0.12
498,fear,0.29,0.69,0.61,0.57
813,joy,0.38,0.51,0.74,0.37
1536,fear,0.01,1.0,0.74,0.48
3365,sadness,0.54,0.36,0.21,0.79
2387,anger,0.87,0.17,0.3,0.42
1778,fear,0.16,0.91,0.65,0.46
2803,anger,0.99,0.02,0.18,0.2
2770,anger,0.59,0.47,0.4,0.5
2174,anger,0.99,0.02,0.15,0.36
3501,sadness,0.37,0.52,0.29,0.74
1389,fear,0.1,0.95,0.64,0.52
3220,sadness,0.31,0.58,0.34,0.8
1647,fear,0.03,0.99,0.51,0.67
2776,anger,0.9,0.11,0.35,0.35
311,joy,0.02,0.5,1.0,0.01
959,fear,0.06,0.98,0.53,0.59
1092,fear,0.02,1.0,0.61,0.56
2302,anger,0.93,0.1,0.22,0.45
2299,anger,0.99,0.02,0.13,0.36
3284,sadness,0.45,0.46,0.34,0.73
23,joy,0.03,0.41,1.0,0.03
1486,fear,0.02,0.99,0.71,0.51
1666,fear,0.16,0.93,0.62,0.45
3075,sadness,0.26,0.45,0.07,0.95
882,fear,0.01,1.0,0.8,0.41
714,joy,0.23,0.42,0.94,0.21
2914,sadness,0.32,0.49,0.11,0.9
263,joy,0.21,0.45,0.95,0.17
1428,fear,0.13,0.92,0.58,0.55
384,joy,0.02,0.5,1.0,0.01
2188,anger,0.86,0.18,0.23,0.54
3250,sadness,0.26,0.56,0.1,0.91
1005,fear,0.04,0.98,0.68,0.61
3454,sadness,0.39,0.42,0.13,0.88
2678,anger,0.87,0.15,0.26,0.5
823,fear,0.06,0.96,0.49,0.71
2597,anger,0.92,0.11,0.32,0.34
1284,fear,0.02,1.0,0.58,0.58
1479,fear,0.04,0.99,0.64,0.59
2632,anger,0.93,0.08,0.24,0.42
1768,fear,0.06,0.98,0.69,0.48
928,fear,0.2,0.87,0.61,0.49
258,joy,0.05,0.54,1.0,0.06
800,joy,0.15,0.64,0.93,0.28
494,joy,0.31,0.5,0.86,0.27
817,joy,0.1,0.44,0.99,0.08
368,joy,0.07,0.61,0.99,0.17
1739,fear,0.04,0.99,0.69,0.52
2933,sadness,0.22,0.7,0.14,0.84
918,fear,0.02,1.0,0.67,0.48
66,joy,0.33,0.32,0.95,0.16
3382,sadness,0.39,0.52,0.26,0.76
2254,anger,0.89,0.12,0.26,0.51
816,joy,0.03,0.51,1.0,0.03
954,fear,0.07,0.97,0.72,0.43
417,joy,0.09,0.54,0.99,0.09
2785,anger,0.61,0.4,0.36,0.57
961,fear,0.09,0.96,0.48,0.61
2396,anger,0.84,0.19,0.31,0.44
3394,sadness,0.42,0.43,0.2,0.82
811,joy,0.13,0.73,0.94,0.22
780,joy,0.04,0.76,0.99,0.15
3229,sadness,0.37,0.52,0.36,0.74
588,joy,0.06,0.51,1.0,0.05
654,joy,0.22,0.34,0.98,0.08
1099,fear,0.02,1.0,0.78,0.51
2349,anger,0.96,0.07,0.18,0.39
860,fear,0.01,1.0,0.81,0.41
677,joy,0.05,0.82,0.99,0.12
1172,fear,0.02,1.0,0.86,0.44
120,joy,0.19,0.56,0.95,0.18
2876,sadness,0.3,0.37,0.05,0.95
1443,fear,0.09,0.96,0.65,0.52
854,fear,0.12,0.95,0.62,0.48
617,joy,0.07,0.79,0.97,0.19
2528,anger,0.85,0.19,0.27,0.47
1161,fear,0.13,0.95,0.64,0.45
457,joy,0.2,0.44,0.97,0.12
1651,fear,0.22,0.78,0.49,0.64
1937,fear,0.12,0.94,0.64,0.49
1195,fear,0.26,0.8,0.3,0.67
2633,anger,0.97,0.05,0.17,0.38
167,joy,0.33,0.36,0.92,0.18
3571,sadness,0.39,0.48,0.28,0.77
1499,fear,0.13,0.96,0.65,0.35
3326,anger,0.85,0.15,0.12,0.75
1474,fear,0.03,1.0,0.72,0.45
265,joy,0.06,0.58,1.0,0.03
1008,fear,0.05,0.99,0.42,0.61
3271,sadness,0.61,0.33,0.18,0.79
1399,fear,0.04,0.99,0.69,0.44
690,joy,0.08,0.62,0.98,0.24
703,joy,0.24,0.51,0.92,0.19
3099,sadness,0.39,0.37,0.14,0.9
1909,fear,0.48,0.56,0.46,0.51
3037,sadness,0.42,0.42,0.19,0.81
1940,fear,0.08,0.96,0.69,0.48
306,joy,0.13,0.4,0.99,0.06
2705,anger,0.95,0.07,0.21,0.44
1473,fear,0.16,0.94,0.61,0.43
3528,sadness,0.7,0.28,0.23,0.71
664,joy,0.24,0.38,0.96,0.19
1267,fear,0.09,0.97,0.65,0.44
168,joy,0.23,0.52,0.94,0.21
3167,sadness,0.42,0.44,0.21,0.85
2003,anger,0.93,0.09,0.26,0.44
1544,fear,0.01,1.0,0.78,0.44
2746,sadness,0.64,0.29,0.17,0.83
1497,fear,0.24,0.84,0.56,0.52
